{"resourceType":"ValueSet","id":"VSCodificacionCategoria","text":{"status":"generated","div":"<div xmlns=\"http://www.w3.org/1999/xhtml\"><ul><li>Include all codes defined in <a href=\"CodeSystem-CSCodificacionCategoria.html\"><code>https://rme.hl7chile.cl/CodeSystem/CSCodificacionCategoria</code></a></li></ul></div>"},"url":"https://rme.hl7chile.cl/ValueSet/VSCodificacionCategoria","version":"0.9.2","name":"VSCodificacionCategoria","title":"Codificación de la categoría de una prescripción","status":"active","experimental":false,"date":"2022-01-18T00:00:00-03:00","contact":[{"name":"HL7 Chile","telecom":[{"system":"email","value":"chair@hl7chile.cl"}]}],"description":"Estado de una prescripción","jurisdiction":[{"coding":[{"system":"urn:iso:std:iso:3166","code":"CL","display":"Chile"}]}],"compose":{"include":[{"system":"https://rme.hl7chile.cl/CodeSystem/CSCodificacionCategoria"}]}}