<?xml version="1.0" encoding="UTF-8"?><CodeSystem xmlns="http://hl7.org/fhir"><id value="CSRazonEstadoDispensacion"/><text><status value="generated"/><div xmlns="http://www.w3.org/1999/xhtml"><p>This code system https://rme.hl7chile.cl/CodeSystem/CSRazonEstadoDispensacion defines the following codes:</p><table class="codes"><tr><td style="white-space:nowrap"><b>Code</b></td><td><b>Display</b></td><td><b>Definition</b></td></tr><tr><td style="white-space:nowrap">frr01<a name="CSRazonEstadoDispensacion-frr01"> </a></td><td>Orden detenida</td><td>Esta orden fue detenida por el prescriptor pero no necesariamente por medios electrónicos. Ejemplos: Detención verbal, un fax, etc.</td></tr><tr><td style="white-space:nowrap">frr02<a name="CSRazonEstadoDispensacion-frr02"> </a></td><td>Orden caducada</td><td>Orden no fue completada dentro de un periodo razonable de tiempo, y podría no estar vigente.</td></tr><tr><td style="white-space:nowrap">frr03<a name="CSRazonEstadoDispensacion-frr03"> </a></td><td>Información incompleta</td><td>La información necesaria para ejecutar de forma segura la orden que se esperaba estuviese disponible independiente de la orden aún no está disponible. Ejemplo: Resultados de laboratorio, diagnóstico por imágenes, etc.</td></tr><tr><td style="white-space:nowrap">frr04<a name="CSRazonEstadoDispensacion-frr04"> </a></td><td>Producto no disponible</td><td>Producto no disponible o no manufacturado. No se puede proveer.</td></tr><tr><td style="white-space:nowrap">frr06<a name="CSRazonEstadoDispensacion-frr06"> </a></td><td>Incapaz de proporcionar cuidados</td><td>Realizador no es capaz de proveer el cuidado necesario asociado con el cumplimiento de la orden. Ejemplo: La terapia requiere monitoreo constante por el realizador y el realizador estará terminando su práctica, dejando la ciudad, incapaz de dedicar el tiempo necesario, etc.</td></tr><tr><td style="white-space:nowrap">altchoice<a name="CSRazonEstadoDispensacion-altchoice"> </a></td><td>Primero probar otro tratamiento</td><td>Esta terapia ha sido definida como respaldo de una terapia de elección. Esta orden será liberada cuando y si la terapia de elección fracasa.</td></tr><tr><td style="white-space:nowrap">clarif<a name="CSRazonEstadoDispensacion-clarif"> </a></td><td>La prescripción requiere una aclaración</td><td>Se requiere una aclaración antes de que la orden pueda ser realizada</td></tr><tr><td style="white-space:nowrap">drughigh<a name="CSRazonEstadoDispensacion-drughigh"> </a></td><td>Dosis del fármaco es muy alta</td><td>Los niveles actuales del fármaco en el sistema del paciente son muy altos. El fármaco es suspendido para permitir que los niveles disminuyan hasta un nivel seguro</td></tr><tr><td style="white-space:nowrap">hospadm<a name="CSRazonEstadoDispensacion-hospadm"> </a></td><td>Admisión a hospital</td><td>El paciente ha ingresado a un centro asistencial y su medicación comunitaria será suspendido hasta el egreso hospitalario</td></tr><tr><td style="white-space:nowrap">labint<a name="CSRazonEstadoDispensacion-labint"> </a></td><td>Interferencia con exámenes de laboratorio</td><td>La terapia podría interferir con un exámen de laboratorio planeado, por lo que se suspende la terapia hasta que el examen se realice</td></tr><tr><td style="white-space:nowrap">non-avail<a name="CSRazonEstadoDispensacion-non-avail"> </a></td><td>Paciente no disponible</td><td>Paciente no disponible por un período de tiempo debido a una terapia programada, permiso de ausencia u otra razón</td></tr><tr><td style="white-space:nowrap">preg<a name="CSRazonEstadoDispensacion-preg"> </a></td><td>Paciente embarazada/amamantando</td><td>La paciente está embarazada o amamantando. La terapia se continuará cuando se complete el embarazo y la paciente deje de amamantar.</td></tr><tr><td style="white-space:nowrap">saig<a name="CSRazonEstadoDispensacion-saig"> </a></td><td>Alergia</td><td>Se sospecha que el paciente es alérgico a una sustancia que es parte de la terapia y la terapia será temporalmente suspendida para confirmar</td></tr><tr><td style="white-space:nowrap">sddi<a name="CSRazonEstadoDispensacion-sddi"> </a></td><td>Fármaco interactúa con otro fármaco</td><td>El fármaco interactúa con un tratamiento a corto plazo que es requerido con mayor urgencia. Esta orden será retomada cuando el tratamiento a corto plazo se complete.</td></tr><tr><td style="white-space:nowrap">sdupther<a name="CSRazonEstadoDispensacion-sdupther"> </a></td><td>Terapia duplicada</td><td>El fármaco interactúa con un tratamiento a corto plazo que es requerido con mayor urgencia. Esta orden será retomada cuando el tratamiento a corto plazo se complete.</td></tr><tr><td style="white-space:nowrap">sintol<a name="CSRazonEstadoDispensacion-sintol"> </a></td><td>Intolerancia sospechada</td><td>El fármaco interactúa con un tratamiento a corto plazo que es requerido con mayor urgencia. Esta orden será retomada cuando el tratamiento a corto plazo se complete.</td></tr><tr><td style="white-space:nowrap">surg<a name="CSRazonEstadoDispensacion-surg"> </a></td><td>Paciente programado para cirugía</td><td>Este fármaco está contraindicado en pacientes que serán sometidos a cirugía y el paciente está programado para recibir una cirugía en el futuro cercano. El fármaco será retomado una vez que el paciente se haya recuperado lo suficiente de la cirugía</td></tr><tr><td style="white-space:nowrap">washout<a name="CSRazonEstadoDispensacion-washout"> </a></td><td>En espera de eliminación de fármaco previo</td><td>El paciente estaba recibiendo un fármaco que está contraindicado con su medicación actual. La medicación actual se mantendrá en espera hasta que el fármaco anterior haya sido eliminado de su sistema</td></tr><tr><td style="white-space:nowrap">outofstock<a name="CSRazonEstadoDispensacion-outofstock"> </a></td><td>Fármaco no disponible - Sin stock</td><td>Fármaco sin stock. No se puede proveer.</td></tr><tr><td style="white-space:nowrap">offmarket<a name="CSRazonEstadoDispensacion-offmarket"> </a></td><td>Fármaco no disponible - Fuera del mercado</td><td>Fármaco ya no se vende. No se puede proveer.</td></tr></table></div></text><url value="https://rme.hl7chile.cl/CodeSystem/CSRazonEstadoDispensacion"/><version value="0.9"/><name value="CSRazonEstadoDispensacion"/><title value="Razón del cambio de estado (Dispensación)"/><status value="active"/><date value="2022-01-18T00:00:00-03:00"/><contact><name value="HL7 Chile"/><telecom><system value="email"/><value value="chair@hl7chile.cl"/></telecom></contact><description value="Códigos que indican la razón por la cual una Dispensación ha cambiado su estado"/><jurisdiction><coding><system value="urn:iso:std:iso:3166"/><code value="CL"/><display value="Chile"/></coding></jurisdiction><content value="complete"/><count value="20"/><concept><code value="frr01"/><display value="Orden detenida"/><definition value="Esta orden fue detenida por el prescriptor pero no necesariamente por medios electrónicos. Ejemplos: Detención verbal, un fax, etc."/></concept><concept><code value="frr02"/><display value="Orden caducada"/><definition value="Orden no fue completada dentro de un periodo razonable de tiempo, y podría no estar vigente."/></concept><concept><code value="frr03"/><display value="Información incompleta"/><definition value="La información necesaria para ejecutar de forma segura la orden que se esperaba estuviese disponible independiente de la orden aún no está disponible. Ejemplo: Resultados de laboratorio, diagnóstico por imágenes, etc."/></concept><concept><code value="frr04"/><display value="Producto no disponible"/><definition value="Producto no disponible o no manufacturado. No se puede proveer."/></concept><concept><code value="frr06"/><display value="Incapaz de proporcionar cuidados"/><definition value="Realizador no es capaz de proveer el cuidado necesario asociado con el cumplimiento de la orden. Ejemplo: La terapia requiere monitoreo constante por el realizador y el realizador estará terminando su práctica, dejando la ciudad, incapaz de dedicar el tiempo necesario, etc."/></concept><concept><code value="altchoice"/><display value="Primero probar otro tratamiento"/><definition value="Esta terapia ha sido definida como respaldo de una terapia de elección. Esta orden será liberada cuando y si la terapia de elección fracasa."/></concept><concept><code value="clarif"/><display value="La prescripción requiere una aclaración"/><definition value="Se requiere una aclaración antes de que la orden pueda ser realizada"/></concept><concept><code value="drughigh"/><display value="Dosis del fármaco es muy alta"/><definition value="Los niveles actuales del fármaco en el sistema del paciente son muy altos. El fármaco es suspendido para permitir que los niveles disminuyan hasta un nivel seguro"/></concept><concept><code value="hospadm"/><display value="Admisión a hospital"/><definition value="El paciente ha ingresado a un centro asistencial y su medicación comunitaria será suspendido hasta el egreso hospitalario"/></concept><concept><code value="labint"/><display value="Interferencia con exámenes de laboratorio"/><definition value="La terapia podría interferir con un exámen de laboratorio planeado, por lo que se suspende la terapia hasta que el examen se realice"/></concept><concept><code value="non-avail"/><display value="Paciente no disponible"/><definition value="Paciente no disponible por un período de tiempo debido a una terapia programada, permiso de ausencia u otra razón"/></concept><concept><code value="preg"/><display value="Paciente embarazada/amamantando"/><definition value="La paciente está embarazada o amamantando. La terapia se continuará cuando se complete el embarazo y la paciente deje de amamantar."/></concept><concept><code value="saig"/><display value="Alergia"/><definition value="Se sospecha que el paciente es alérgico a una sustancia que es parte de la terapia y la terapia será temporalmente suspendida para confirmar"/></concept><concept><code value="sddi"/><display value="Fármaco interactúa con otro fármaco"/><definition value="El fármaco interactúa con un tratamiento a corto plazo que es requerido con mayor urgencia. Esta orden será retomada cuando el tratamiento a corto plazo se complete."/></concept><concept><code value="sdupther"/><display value="Terapia duplicada"/><definition value="El fármaco interactúa con un tratamiento a corto plazo que es requerido con mayor urgencia. Esta orden será retomada cuando el tratamiento a corto plazo se complete."/></concept><concept><code value="sintol"/><display value="Intolerancia sospechada"/><definition value="El fármaco interactúa con un tratamiento a corto plazo que es requerido con mayor urgencia. Esta orden será retomada cuando el tratamiento a corto plazo se complete."/></concept><concept><code value="surg"/><display value="Paciente programado para cirugía"/><definition value="Este fármaco está contraindicado en pacientes que serán sometidos a cirugía y el paciente está programado para recibir una cirugía en el futuro cercano. El fármaco será retomado una vez que el paciente se haya recuperado lo suficiente de la cirugía"/></concept><concept><code value="washout"/><display value="En espera de eliminación de fármaco previo"/><definition value="El paciente estaba recibiendo un fármaco que está contraindicado con su medicación actual. La medicación actual se mantendrá en espera hasta que el fármaco anterior haya sido eliminado de su sistema"/></concept><concept><code value="outofstock"/><display value="Fármaco no disponible - Sin stock"/><definition value="Fármaco sin stock. No se puede proveer."/></concept><concept><code value="offmarket"/><display value="Fármaco no disponible - Fuera del mercado"/><definition value="Fármaco ya no se vende. No se puede proveer."/></concept></CodeSystem>