<?xml version="1.0" encoding="UTF-8"?><ImplementationGuide xmlns="http://hl7.org/fhir"><id value="hl7.fhir.cl.RecetaCH"/><text><status value="extensions"/><div xmlns="http://www.w3.org/1999/xhtml"><h2>RecetaCL</h2><p>The official URL for this implementation guide is: </p><pre>http://minsal.cl/fhir/core/ImplementationGuide/hl7.fhir.cl.RecetaCH</pre><div><p>Guía de Implementación para los perfiles de Receta complementarios a los de CORE Nacional, para su uso en Recete Electrónica Nacional. Esta Guía se encuentra aún en proceso de creación por lo que esta versión esta sujeta a observaciones y cambios. Aquellos implementadores que tengan acceso a ella se les sugiere desarrollar comentarios para su mejora)</p>
</div></div></text><url value="http://minsal.cl/fhir/core/ImplementationGuide/hl7.fhir.cl.RecetaCH"/><version value="0.753 (Proceso de Ballot Pendiente)"/><name value="RecetaCL"/><title value="Gu&#xED;a de Implementaci&#xF3;n Receta-CL"/><status value="draft"/><date value="2021-07"/><contact><name value="Pablo Pizzaro"/><telecom><system value="email"/><value value="mailto:ppizarro.delgado@minsal.cl"/></telecom></contact><description value="Gu&#xED;a de Implementaci&#xF3;n para los perfiles de Receta complementarios a los de CORE Nacional, para su uso en Recete Electr&#xF3;nica Nacional. Esta Gu&#xED;a se encuentra a&#xFA;n en proceso de creaci&#xF3;n por lo que esta versi&#xF3;n esta sujeta a observaciones y cambios. Aquellos implementadores que tengan acceso a ella se les sugiere desarrollar comentarios para su mejora)"/><jurisdiction><coding><system value="urn:iso:std:iso:3166"/><code value="CL"/><display value="Chile"/></coding></jurisdiction><packageId value="hl7.fhir.cl.RecetaCH"/><license value="CC0-1.0"/><fhirVersion value="4.0.1"/><definition><extension url="http://hl7.org/fhir/tools/StructureDefinition/ig-parameter"><extension url="code"><valueString value="copyrightyear"/></extension><extension url="value"><valueString value="2020+"/></extension></extension><extension url="http://hl7.org/fhir/tools/StructureDefinition/ig-parameter"><extension url="code"><valueString value="releaselabel"/></extension><extension url="value"><valueString value="ci-build"/></extension></extension><extension url="http://hl7.org/fhir/tools/StructureDefinition/ig-parameter"><extension url="code"><valueString value="apply-publisher"/></extension><extension url="value"><valueString value="true"/></extension></extension><extension url="http://hl7.org/fhir/tools/StructureDefinition/ig-parameter"><extension url="code"><valueString value="apply-contact"/></extension><extension url="value"><valueString value="true"/></extension></extension><extension url="http://hl7.org/fhir/tools/StructureDefinition/ig-parameter"><extension url="code"><valueString value="show-inherited-invariants"/></extension><extension url="value"><valueString value="false"/></extension></extension><extension url="http://hl7.org/fhir/tools/StructureDefinition/ig-parameter"><extension url="code"><valueString value="autoload-resources"/></extension><extension url="value"><valueString value="true"/></extension></extension><extension url="http://hl7.org/fhir/tools/StructureDefinition/ig-parameter"><extension url="code"><valueString value="path-liquid"/></extension><extension url="value"><valueString value="template/liquid"/></extension></extension><extension url="http://hl7.org/fhir/tools/StructureDefinition/ig-parameter"><extension url="code"><valueString value="path-liquid"/></extension><extension url="value"><valueString value="input/liquid"/></extension></extension><extension url="http://hl7.org/fhir/tools/StructureDefinition/ig-parameter"><extension url="code"><valueString value="path-qa"/></extension><extension url="value"><valueString value="temp/qa"/></extension></extension><extension url="http://hl7.org/fhir/tools/StructureDefinition/ig-parameter"><extension url="code"><valueString value="path-temp"/></extension><extension url="value"><valueString value="temp/pages"/></extension></extension><extension url="http://hl7.org/fhir/tools/StructureDefinition/ig-parameter"><extension url="code"><valueString value="path-output"/></extension><extension url="value"><valueString value="output"/></extension></extension><extension url="http://hl7.org/fhir/tools/StructureDefinition/ig-parameter"><extension url="code"><valueString value="path-suppressed-warnings"/></extension><extension url="value"><valueString value="input/ignoreWarnings.txt"/></extension></extension><extension url="http://hl7.org/fhir/tools/StructureDefinition/ig-parameter"><extension url="code"><valueString value="path-history"/></extension><extension url="value"><valueString value="http://minsal.cl/fhir/core/history.html"/></extension></extension><extension url="http://hl7.org/fhir/tools/StructureDefinition/ig-parameter"><extension url="code"><valueString value="template-html"/></extension><extension url="value"><valueString value="template-page.html"/></extension></extension><extension url="http://hl7.org/fhir/tools/StructureDefinition/ig-parameter"><extension url="code"><valueString value="template-md"/></extension><extension url="value"><valueString value="template-page-md.html"/></extension></extension><extension url="http://hl7.org/fhir/tools/StructureDefinition/ig-parameter"><extension url="code"><valueString value="apply-context"/></extension><extension url="value"><valueString value="true"/></extension></extension><extension url="http://hl7.org/fhir/tools/StructureDefinition/ig-parameter"><extension url="code"><valueString value="apply-copyright"/></extension><extension url="value"><valueString value="true"/></extension></extension><extension url="http://hl7.org/fhir/tools/StructureDefinition/ig-parameter"><extension url="code"><valueString value="apply-jurisdiction"/></extension><extension url="value"><valueString value="true"/></extension></extension><extension url="http://hl7.org/fhir/tools/StructureDefinition/ig-parameter"><extension url="code"><valueString value="apply-license"/></extension><extension url="value"><valueString value="true"/></extension></extension><extension url="http://hl7.org/fhir/tools/StructureDefinition/ig-parameter"><extension url="code"><valueString value="apply-version"/></extension><extension url="value"><valueString value="true"/></extension></extension><extension url="http://hl7.org/fhir/tools/StructureDefinition/ig-parameter"><extension url="code"><valueString value="active-tables"/></extension><extension url="value"><valueString value="true"/></extension></extension><grouping id="-str-profile"><name value="Structures: Resource Profiles"/><description value="These define constraints on FHIR resources for systems conforming to this implementation guide"/></grouping><grouping id="-str-extension"><name value="Structures: Extension Definitions"/><description value="These define constraints on FHIR data types for systems conforming to this implementation guide"/></grouping><grouping id="-ex-example"><name value="Example: Example Instances"/><description value="These are example instances that show what data produced and consumed by systems conforming with this implementation guide might look like"/></grouping><resource><extension url="http://hl7.org/fhir/StructureDefinition/implementationguide-page"><valueUri value="StructureDefinition-DispensacionMedicamentoCl.html"/></extension><reference><reference value="StructureDefinition/DispensacionMedicamentoCl"/></reference><name value="Dispensaci&#xF3;n_CL"/><description value="Este Perfil ha sido desarrollado para cubrir las necesidades del Caso de Uso de Receta Electr&#xF3;nica desde la visi&#xF3;n de la TFC que se usar&#xE1; para poder manejar farmacos ya registrados, y que deber&#xE1;n ser consultados por los prestadores a la hora de prescribir alguno."/><exampleBoolean value="false"/><groupingId value="-str-profile"/></resource><resource><extension url="http://hl7.org/fhir/StructureDefinition/implementationguide-page"><valueUri value="StructureDefinition-RecetaCl.html"/></extension><reference><reference value="StructureDefinition/RecetaCl"/></reference><name value="Receta_CL"/><description value="Este Perfil usa este recurso como un contenedor de Prescripciones para poder ser usadas como formato de Receta electr&#xF3;nica con los farmacos indicados por el cl&#xED;nico durante un acto m&#xE9;dico."/><exampleBoolean value="false"/><groupingId value="-str-profile"/></resource><resource><extension url="http://hl7.org/fhir/StructureDefinition/implementationguide-page"><valueUri value="StructureDefinition-RecetaPrescripcionCl.html"/></extension><reference><reference value="StructureDefinition/RecetaPrescripcionCl"/></reference><name value="Prescripci&#xF3;n_CL"/><description value="Este Perfil describe la informaci&#xF3;n contenida en la Prescripci&#xF3;n de un medicamento para la Receta Electr&#xF3;nica Nacional del MINSAL"/><exampleBoolean value="false"/><groupingId value="-str-profile"/></resource><resource><extension url="http://hl7.org/fhir/StructureDefinition/implementationguide-page"><valueUri value="StructureDefinition-ValProcCl.html"/></extension><reference><reference value="StructureDefinition/ValProcCl"/></reference><name value="Validaci&#xF3;n de la Procedencia de una Receta"/><description value="Este Perfil describe la forma de validaci&#xF3;n respecto a la procedencia de una Receta genrada durante un acto cl&#xED;nico."/><exampleBoolean value="false"/><groupingId value="-str-profile"/></resource><resource><extension url="http://hl7.org/fhir/StructureDefinition/implementationguide-page"><valueUri value="StructureDefinition-Prod-Comercial.html"/></extension><reference><reference value="StructureDefinition/Prod-Comercial"/></reference><name value="Prod_Comercial"/><description value="Recomendaci&#xF3;n de Medicamento en Producto Comercial"/><exampleBoolean value="false"/><groupingId value="-str-extension"/></resource><resource><extension url="http://hl7.org/fhir/StructureDefinition/implementationguide-page"><valueUri value="MedicationDispense-DispensacionMedicamentoCL.html"/></extension><reference><reference value="MedicationDispense/DispensacionMedicamentoCL"/></reference><name value="Ejemplo de la dispensacion del Medicamento Oxycodone Via Oral"/><exampleCanonical value="http://minsal.cl/fhir/core/StructureDefinition/DispensacionMedicamentoCl"/><groupingId value="-ex-example"/></resource><resource><extension url="http://hl7.org/fhir/StructureDefinition/implementationguide-page"><valueUri value="MedicationDispense-DispensacionMedicamentoCL-2.html"/></extension><reference><reference value="MedicationDispense/DispensacionMedicamentoCL-2"/></reference><name value="Ejemplo de la dispensacion del Medicamento Kitadol 500mg"/><exampleCanonical value="http://minsal.cl/fhir/core/StructureDefinition/DispensacionMedicamentoCl"/><groupingId value="-ex-example"/></resource><resource><extension url="http://hl7.org/fhir/StructureDefinition/implementationguide-page"><valueUri value="Provenance-EjemplValidacion.html"/></extension><reference><reference value="Provenance/EjemplValidacion"/></reference><name value="Ejemplo de la Validaci&#xF3;n de una Receta por medio del Prescriptor"/><exampleCanonical value="http://minsal.cl/fhir/core/StructureDefinition/ValProcCl"/><groupingId value="-ex-example"/></resource><resource><extension url="http://hl7.org/fhir/StructureDefinition/implementationguide-page"><valueUri value="RequestGroup-EjemploRecetaCL.html"/></extension><reference><reference value="RequestGroup/EjemploRecetaCL"/></reference><name value="Ejemplo de Recurso de una receta completa"/><exampleCanonical value="http://minsal.cl/fhir/core/StructureDefinition/RecetaCl"/><groupingId value="-ex-example"/></resource><resource><extension url="http://hl7.org/fhir/StructureDefinition/implementationguide-page"><valueUri value="RequestGroup-EjemploRecetaCL-2.html"/></extension><reference><reference value="RequestGroup/EjemploRecetaCL-2"/></reference><name value="Ejemplo de Recurso de una receta con solo un f&#xE1;rmaco prescrito, Paracetamol 500mg"/><exampleCanonical value="http://minsal.cl/fhir/core/StructureDefinition/RecetaCl"/><groupingId value="-ex-example"/></resource><resource><extension url="http://hl7.org/fhir/StructureDefinition/implementationguide-page"><valueUri value="MedicationRequest-PrescripcionRecetaCL.html"/></extension><reference><reference value="MedicationRequest/PrescripcionRecetaCL"/></reference><name value="Ejemplo Prescripci&#xF3;n de Medicamento Oxycodone Via Oral, una o dos tabletas al d&#xED;a cada 4 o 6 horas, para una solicitud segun necesidad con pre-condiciones"/><exampleCanonical value="http://minsal.cl/fhir/core/StructureDefinition/RecetaPrescripcionCl"/><groupingId value="-ex-example"/></resource><resource><extension url="http://hl7.org/fhir/StructureDefinition/implementationguide-page"><valueUri value="MedicationRequest-PrescripcionRecetaCL-2.html"/></extension><reference><reference value="MedicationRequest/PrescripcionRecetaCL-2"/></reference><name value="Ejemplo de Prescripci&#xF3;n de Hidroclorotizida + Valsart&#xE1;n, Prescrito dos veces al d&#xED;a V&#xED;a Oral, trag&#xE1;ndoselo"/><exampleCanonical value="http://minsal.cl/fhir/core/StructureDefinition/RecetaPrescripcionCl"/><groupingId value="-ex-example"/></resource><page><nameUrl value="toc.html"/><title value="Table of Contents"/><generation value="html"/><page><nameUrl value="index.html"/><title value="Home"/><generation value="markdown"/></page><page><nameUrl value="Alcances-Objetivos.html"/><title value="Alcances Objetivos"/><generation value="markdown"/></page><page><nameUrl value="casos.html"/><title value="Casos"/><generation value="markdown"/></page><page><nameUrl value="operaciones.html"/><title value="Operaciones"/><generation value="markdown"/></page><page><nameUrl value="artifacts.html"/><title value="Resumen de artefactos"/><generation value="html"/><page><nameUrl value="StructureDefinition-DispensacionMedicamentoCl.html"/><title value="Dispensaci&#xF3;n_CL"/><generation value="generated"/></page><page><nameUrl value="StructureDefinition-RecetaCl.html"/><title value="Receta_CL"/><generation value="generated"/></page><page><nameUrl value="StructureDefinition-RecetaPrescripcionCl.html"/><title value="Prescripci&#xF3;n_CL"/><generation value="generated"/></page><page><nameUrl value="StructureDefinition-ValProcCl.html"/><title value="Validaci&#xF3;n de la Procedencia de una Receta"/><generation value="generated"/></page><page><nameUrl value="StructureDefinition-Prod-Comercial.html"/><title value="Prod_Comercial"/><generation value="generated"/></page><page><nameUrl value="MedicationDispense-DispensacionMedicamentoCL.html"/><title value="Ejemplo de la dispensacion del Medicamento Oxycodone Via Oral"/><generation value="generated"/></page><page><nameUrl value="MedicationDispense-DispensacionMedicamentoCL-2.html"/><title value="Ejemplo de la dispensacion del Medicamento Kitadol 500mg"/><generation value="generated"/></page><page><nameUrl value="Provenance-EjemplValidacion.html"/><title value="Ejemplo de la Validaci&#xF3;n de una Receta por medio del Prescriptor"/><generation value="generated"/></page><page><nameUrl value="RequestGroup-EjemploRecetaCL.html"/><title value="Ejemplo de Recurso de una receta completa"/><generation value="generated"/></page><page><nameUrl value="RequestGroup-EjemploRecetaCL-2.html"/><title value="Ejemplo de Recurso de una receta con solo un f&#xE1;rmaco prescrito, Paracetamol 500mg"/><generation value="generated"/></page><page><nameUrl value="MedicationRequest-PrescripcionRecetaCL.html"/><title value="Ejemplo Prescripci&#xF3;n de Medicamento Oxycodone Via Oral, una o dos tabletas al d&#xED;a cada 4 o 6 horas, para una solicitud segun necesidad con pre-condiciones"/><generation value="generated"/></page><page><nameUrl value="MedicationRequest-PrescripcionRecetaCL-2.html"/><title value="Ejemplo de Prescripci&#xF3;n de Hidroclorotizida + Valsart&#xE1;n, Prescrito dos veces al d&#xED;a V&#xED;a Oral, trag&#xE1;ndoselo"/><generation value="generated"/></page></page></page><parameter><code value="path-resource"/><value value="input/capabilities"/></parameter><parameter><code value="path-resource"/><value value="input/examples"/></parameter><parameter><code value="path-resource"/><value value="input/extensions"/></parameter><parameter><code value="path-resource"/><value value="input/models"/></parameter><parameter><code value="path-resource"/><value value="input/operations"/></parameter><parameter><code value="path-resource"/><value value="input/profiles"/></parameter><parameter><code value="path-resource"/><value value="input/resources"/></parameter><parameter><code value="path-resource"/><value value="input/vocabulary"/></parameter><parameter><code value="path-resource"/><value value="input/maps"/></parameter><parameter><code value="path-resource"/><value value="input/testing"/></parameter><parameter><code value="path-resource"/><value value="input/history"/></parameter><parameter><code value="path-resource"/><value value="fsh-generated/resources"/></parameter><parameter><code value="path-pages"/><value value="template/config"/></parameter><parameter><code value="path-pages"/><value value="input/images"/></parameter><parameter><code value="path-tx-cache"/><value value="input-cache/txcache"/></parameter></definition></ImplementationGuide>