<?xml version="1.0" encoding="UTF-8"?><ValueSet xmlns="http://hl7.org/fhir"><id value="CodNacComunas"/><text><status value="generated"/><div xmlns="http://www.w3.org/1999/xhtml"><ul><li>Include all codes defined in <code>https://apis.digital.gob.cl/dpa/comunas/</code></li></ul></div></text><url value="http://minsal.cl/fhir/core/ValueSet/CodNacComunas"/><version value="0.7 (Proceso de Ballot Pendiente)"/><name value="CodComunas"/><title value="C&#xF3;digos de Comunas en Chile"/><status value="active"/><date value="2021-08-30T12:31:36-04:00"/><contact><name value="Pablo Pizzaro"/><telecom><system value="email"/><value value="mailto:ppizarro.delgado@minsal.cl"/></telecom></contact><description value="Codigos definidos para identificar una comuna en Chile"/><jurisdiction><coding><system value="http://unstats.un.org/unsd/methods/m49/m49.htm"/><code value="152"/></coding></jurisdiction><compose><include><system value="https://apis.digital.gob.cl/dpa/comunas/"/></include></compose></ValueSet>