<?xml version="1.0" encoding="UTF-8"?><ValueSet xmlns="http://hl7.org/fhir"><id value="VSStatusReason"/><text><status value="generated"/><div xmlns="http://www.w3.org/1999/xhtml"><ul><li>Include all codes defined in <a href="CodeSystem-CSStatusReason.html"><code>http://minsal.cl/fhir/core/CodeSystem/CSStatusReason</code></a></li></ul></div></text><url value="http://minsal.cl/fhir/core/ValueSet/VSStatusReason"/><version value="0.753 (Proceso de Ballot Pendiente)"/><name value="VSStatusReason"/><title value="Códigos Razón Cambio Estado Prescripción."/><status value="active"/><date value="2022-01-25T00:00:00-03:00"/><contact><name value="Pablo Pizzaro"/><telecom><system value="email"/><value value="mailto:ppizarro.delgado@minsal.cl"/></telecom></contact><description value="Códigos que indican la razón por la cual una Prescripción ha cambiado su estado"/><jurisdiction><coding><system value="urn:iso:std:iso:3166"/><code value="CL"/><display value="Chile"/></coding></jurisdiction><compose><include><system value="http://minsal.cl/fhir/core/CodeSystem/CSStatusReason"/></include></compose></ValueSet>