<?xml version="1.0" encoding="UTF-8"?><ValueSet xmlns="http://hl7.org/fhir"><id value="VSFuncionProfesionalDispensacion"/><text><status value="generated"/><div xmlns="http://www.w3.org/1999/xhtml"><ul><li>Include all codes defined in <a href="CodeSystem-CSFuncionProfesionalDispensacion.html"><code>https://interoperabilidad.minsal.cl/fhir/ig/snre/CodeSystem/CSFuncionProfesionalDispensacion</code></a></li></ul></div></text><url value="https://interoperabilidad.minsal.cl/fhir/ig/snre/ValueSet/VSFuncionProfesionalDispensacion"/><version value="0.9.8"/><name value="VSFuncionProfesionalDispensacion"/><title value="Funcion del Personal"/><status value="active"/><experimental value="false"/><date value="2022-01-18T00:00:00-03:00"/><publisher value="Unidad de Interoperabilidad - MINSAL"/><contact><name value="Unidad de Interoperabilidad - MINSAL"/><telecom><system value="url"/><value value="https://interoperabilidad.minsal.cl"/></telecom></contact><description value="Funcion del Personal. Puede ser Dispensador o Validador"/><jurisdiction><coding><system value="urn:iso:std:iso:3166"/><code value="CL"/><display value="Chile"/></coding></jurisdiction><compose><include><system value="https://interoperabilidad.minsal.cl/fhir/ig/snre/CodeSystem/CSFuncionProfesionalDispensacion"/></include></compose></ValueSet>