<?xml version="1.0" encoding="UTF-8"?>

<MedicationRequest xmlns="http://hl7.org/fhir">
  <id value="medicationrequest-1"/>
  <text>
    <status value="generated"/><div xmlns="http://www.w3.org/1999/xhtml"><p><b>Generated Narrative</b></p><p><b>identifier</b>: id: RNCheque-1234</p><p><b>status</b>: active</p><p><b>intent</b>: order</p><p><b>category</b>: <span title="Codes: {http://terminology.hl7.org/CodeSystem/medicationrequest-category inpatient}">Inpatient</span></p><p><b>medication</b>: <a href="https://api-receta.minsal.cl/v2/Medication/Medicamento#1028">https://api-receta.minsal.cl/v2/Medication/Medicamento#1028</a></p><p><b>subject</b>: <a href="https://api-receta.minsal.cl/v2/Patient/Paciente#2411224">Patricio Perez</a></p><p><b>authoredOn</b>: 2021-06-12</p><p><b>requester</b>: <a href="https://api-receta.minsal.cl/v2/Practitoner/PRestador#923421">Cecilia Ampuero</a></p><p><b>groupIdentifier</b>: id: FARM2122-1206211145-11</p><p><b>note</b>: Al paciente se le indicó lo tome 2 veces al día</p><blockquote><p><b>dispenseRequest</b></p><p><b>validityPeriod</b>: 2022-01-12 --&gt; (ongoing)</p><p><b>quantity</b>: 10</p></blockquote></div>
  </text>
  <identifier>
    <system value="https://minsal.cl/portalReceta/prescripciones"/>
    <value value="RNCheque-1234"/>
  </identifier>
  <status value="active"/>
  <intent value="order"/>
  <category>
    <coding>
      <system value="http://terminology.hl7.org/CodeSystem/medicationrequest-category"/>
      <code value="inpatient"/>
    </coding>
  </category>
  <medicationReference>
    <reference value="https://api-receta.minsal.cl/v2/Medication/Medicamento#1028"/>
  </medicationReference>
  <subject>
    <reference value="https://api-receta.minsal.cl/v2/Patient/Paciente#2411224"/>
    <display value="Patricio Perez"/>
  </subject>
  <authoredOn value="2021-06-12"/>
  <requester>
    <reference value="https://api-receta.minsal.cl/v2/Practitoner/PRestador#923421"/>
    <display value="Cecilia Ampuero"/>
  </requester>
  <groupIdentifier>
    <value value="FARM2122-1206211145-11"/>
  </groupIdentifier>
  <note>
    <text value="Al paciente se le indic&#xF3; lo tome 2 veces al d&#xED;a"/>
  </note>
  <dosageInstruction>
    <text value="Una tableta cada 12 hrs por 5 d&#xED;as"/>
    <patientInstruction value="Una tableta al desayuno y otro a la cena"/>
    <timing>
      <repeat>
        <frequency value="1"/>
        <period value="12"/>
        <periodUnit value="h"/>
      </repeat>
    </timing>
    <route>
      <coding>
        <system value="http://snomed.info/sct"/>
        <code value="421521009"/>
        <display value="tragarlo, instrucciones de dosage imperativas (qualifier value)"/>
      </coding>
    </route>
    <doseAndRate>
      <doseRange>
        <low>
          <value value="1"/>
          <unit value="Tableta"/>
        </low>
      </doseRange>
    </doseAndRate>
  </dosageInstruction>
  <dispenseRequest>
    <validityPeriod>
      <start value="2022-01-12"/>
    </validityPeriod>
    <quantity>
      <value value="10"/>
    </quantity>
    <expectedSupplyDuration>
      <value value="5"/>
      <unit value="d&#xED;as"/>
      <system value="http://unitsofmeasure.org"/>
      <code value="d"/>
    </expectedSupplyDuration>
  </dispenseRequest>
</MedicationRequest>