<?xml version="1.0" encoding="UTF-8"?>

<MedicationRequest xmlns="http://hl7.org/fhir">
  <id value="Ejemplo1-prescipcion"/>
  <meta>
    <profile value="https://rme.hl7chile.cl/StructureDefinition/RecetaPrescripcionCl"/>
  </meta>
  <text>
    <status value="generated"/><div xmlns="http://www.w3.org/1999/xhtml"><p><b>Generated Narrative: MedicationRequest</b><a name="Ejemplo1-prescipcion"> </a></p><div style="display: inline-block; background-color: #d9e0e7; padding: 6px; margin: 4px; border: 1px solid #8da1b4; border-radius: 5px; line-height: 60%"><p style="margin-bottom: 0px">Resource MedicationRequest &quot;Ejemplo1-prescipcion&quot; </p><p style="margin-bottom: 0px">Profile: <a href="StructureDefinition-RecetaPrescripcionCl.html">CL Prescripción</a></p></div><p><b>status</b>: active</p><p><b>intent</b>: order</p><p><b>category</b>: community <span style="background: LightGoldenRodYellow; margin: 4px; border: 1px solid khaki"> (<a href="http://terminology.hl7.org/5.0.0/CodeSystem-medicationrequest-category.html">MedicationRequest Category Codes</a>#community)</span></p><p><b>medication</b>: <a href="Medication-1654171000167115.html">Medication/1654171000167115: diclofenaco sódico 50 mg supositorio</a></p><p><b>subject</b>: <a href="Patient-Paciente1.html">Patient/Paciente1: María Carmen de los Angeles Del río</a> &quot; DEL RIO&quot;</p><p><b>requester</b>: <a href="Practitioner-3309267.html">Practitioner/3309267: Maria Carmen De los angeles Del rio Gonzalez</a> &quot; DEL RIO GONZALEZ&quot;</p><p><b>groupIdentifier</b>: id: 7f5b95f78a375236d71f</p><p><b>courseOfTherapyType</b>: Terapia a corto plazo (aguda) <span style="background: LightGoldenRodYellow; margin: 4px; border: 1px solid khaki"> (<a href="CodeSystem-CSCodificacionPatron.html">Patrón de la Prescripción</a>#acute)</span></p><p><b>note</b>: En caso de fiebre</p><blockquote><p><b>dosageInstruction</b></p><p><b>sequence</b>: 1</p><p><b>text</b>: Administrar 1 Supositorio cada 12 horas por 5 días</p><p><b>timing</b>: Do Once per 12 hours</p><p><b>route</b>: vía de administración en el recto (calificador) <span style="background: LightGoldenRodYellow; margin: 4px; border: 1px solid khaki"> (<a href="CodeSystem-CSViasAdmin.html">Vías de Administración</a>#37161004)</span></p><p><b>method</b>: Inserción (método de administración) <span style="background: LightGoldenRodYellow; margin: 4px; border: 1px solid khaki"> (<a href="CodeSystem-CSMetodos.html">Métodos de Administración</a>#738993004)</span></p></blockquote><h3>DispenseRequests</h3><table class="grid"><tr><td>-</td><td><b>ValidityPeriod</b></td></tr><tr><td>*</td><td>2022-08-20 --&gt; 2022-08-27</td></tr></table></div>
  </text>
  <status value="active"/>
  <intent value="order"/>
  <category>
    <coding>
      <system value="http://terminology.hl7.org/CodeSystem/medicationrequest-category"/>
      <code value="community"/>
      <display value="community"/>
    </coding>
  </category>
  <medicationReference>
    <reference value="Medication/1654171000167115"/>
    <display value="diclofenaco sódico 50 mg supositorio"/>
  </medicationReference>
  <subject>
    <reference value="Patient/Paciente1"/>
    <display value="María Carmen de los Angeles Del río"/>
  </subject>
  <requester>
    <reference value="Practitioner/3309267"/>
    <display value="Maria Carmen De los angeles Del rio Gonzalez"/>
  </requester>
  <groupIdentifier>
    <value value="7f5b95f78a375236d71f"/>
  </groupIdentifier>
  <courseOfTherapyType>
    <coding>
      <system value="https://rme.hl7chile.cl/CodeSystem/CSCodificacionPatron"/>
      <code value="acute"/>
      <display value="Terapia a corto plazo (aguda)"/>
    </coding>
  </courseOfTherapyType>
  <note>
    <text value="En caso de fiebre"/>
  </note>
  <dosageInstruction>
    <sequence value="1"/>
    <text value="Administrar 1 Supositorio cada 12 horas por 5 días"/>
    <timing>
      <repeat>
        <boundsDuration>
          <value value="5"/>
          <system value="http://unitsofmeasure.org"/>
          <code value="d"/>
        </boundsDuration>
        <frequency value="1"/>
        <period value="12"/>
        <periodUnit value="h"/>
      </repeat>
    </timing>
    <route>
      <coding>
        <system value="https://rme.hl7chile.cl/CodeSystem/CSViasAdmin"/>
        <code value="37161004"/>
        <display value="vía de administración en el recto (calificador)"/>
      </coding>
    </route>
    <method>
      <coding>
        <system value="https://rme.hl7chile.cl/CodeSystem/CSMetodos"/>
        <code value="738993004"/>
        <display value="Inserción (método de administración)"/>
      </coding>
    </method>
    <doseAndRate>
      <doseQuantity>
        <value value="1"/>
        <unit value="Supositorio"/>
        <system value="https://rme.hl7chile.cl/CodeSystem/CSUnidadAsistencial"/>
        <code value="supositorio"/>
      </doseQuantity>
    </doseAndRate>
  </dosageInstruction>
  <dispenseRequest>
    <validityPeriod>
      <start value="2022-08-20"/>
      <end value="2022-08-27"/>
    </validityPeriod>
  </dispenseRequest>
</MedicationRequest>