<?xml version="1.0" encoding="UTF-8"?>

<MedicationDispense xmlns="http://hl7.org/fhir">
  <id value="DispensacionMedicamentoCL"/>
  <meta>
    <profile value="http://minsal.cl/fhir/core//StructureDefinition/DispensacionMedicamentoCl"/>
  </meta>
  <text>
    <status value="generated"/><div xmlns="http://www.w3.org/1999/xhtml"><p><b>Generated Narrative</b></p><p><b>identifier</b>: id: Dispensacion-001</p><p><b>status</b>: active</p><p><b>statusReason</b>: <span title="Codes: {http://minsal.cl/razon-de-no-dispensacion 1123654}">medicamento agotado</span></p><p><b>medication</b>: <a href="https://api-receta.minsal.cl/v2/medication/Med#22353">https://api-receta.minsal.cl/v2/medication/Med#22353</a></p><p><b>subject</b>: <a href="https://api-receta.minsal.cl/v2/Patient/Paciente#2411224">Patricio Perez</a></p><blockquote><p><b>performer</b></p><p><b>function</b>: <span title="Codes: {http://farmaciaLocal.cl/api-R/Tablas/TablaFunc 02}">Vendedor</span></p><p><b>actor</b>: <a href="https://api-receta.minsal.cl/v2/practitioner/Di#14785214">Juan Bastidas</a></p></blockquote><blockquote><p><b>performer</b></p><p><b>function</b>: <span title="Codes: {http://farmaciaLocal.cl/api-R/Tablas/TablaFunc 01}">Químico Farmaceutico</span></p><p><b>actor</b>: <a href="https://api-receta.minsal.cl/v2/practitioner/Di#245993">Sofia Galindo</a></p></blockquote><p><b>location</b>: <a href="https://api-receta.minsal.cl/v2/location/145874">https://api-receta.minsal.cl/v2/location/145874</a></p><p><b>authorizingPrescription</b>: <a href="https://api-receta.minsal.cl/v2/medicationReference/Pres#1321">https://api-receta.minsal.cl/v2/medicationReference/Pres#1321</a></p><p><b>quantity</b>: 1</p><p><b>whenHandedOver</b>: Jan 10, 2020 5:22:12 PM</p><p><b>note</b>: El medicamento solo se receta en caso de dolor extremo y cuando este persista por mas de 10 dias</p></div>
  </text>
  <identifier>
    <system value="http://minsal.cl/portalReceta/dispensacion"/>
    <value value="Dispensacion-001"/>
  </identifier>
  <status value="active"/>
  <statusReasonCodeableConcept>
    <coding>
      <system value="http://minsal.cl/razon-de-no-dispensacion"/>
      <code value="1123654"/>
      <display value="medicamento agotado"/>
    </coding>
  </statusReasonCodeableConcept>
  <medicationReference>
    <reference value="https://api-receta.minsal.cl/v2/medication/Med#22353"/>
  </medicationReference>
  <subject>
    <reference value="https://api-receta.minsal.cl/v2/Patient/Paciente#2411224"/>
    <display value="Patricio Perez"/>
  </subject>
  <performer>
    <function>
      <coding>
        <system value="http://farmaciaLocal.cl/api-R/Tablas/TablaFunc"/>
        <code value="02"/>
        <display value="Vendedor"/>
      </coding>
    </function>
    <actor>
      <reference value="https://api-receta.minsal.cl/v2/practitioner/Di#14785214"/>
      <display value="Juan Bastidas"/>
    </actor>
  </performer>
  <performer>
    <function>
      <coding>
        <system value="http://farmaciaLocal.cl/api-R/Tablas/TablaFunc"/>
        <code value="01"/>
        <display value="Qu&#xED;mico Farmaceutico"/>
      </coding>
    </function>
    <actor>
      <reference value="https://api-receta.minsal.cl/v2/practitioner/Di#245993"/>
      <display value="Sofia Galindo"/>
    </actor>
  </performer>
  <location>
    <reference value="https://api-receta.minsal.cl/v2/location/145874"/>
  </location>
  <authorizingPrescription>
    <reference value="https://api-receta.minsal.cl/v2/medicationReference/Pres#1321"/>
  </authorizingPrescription>
  <quantity>
    <value value="1"/>
    <system value="http://unitsofmeasure.org"/>
  </quantity>
  <whenHandedOver value="2020-01-10T16:22:12-04:00"/>
  <note>
    <text value="El medicamento solo se receta en caso de dolor extremo y cuando este persista por mas de 10 dias"/>
  </note>
  <dosageInstruction>
    <sequence value="1"/>
    <text value="una-dos pastillas cada 4-6 horas en caso de aumento de dolor"/>
    <additionalInstruction>
      <coding>
        <system value="http://snomed.info/sct"/>
        <code value="4189114006"/>
        <display value="Advertencia. Puede provocar somnolencia. Si le afecta no conduzca ni maneje maquinaria. Evitar las bebidas alcoh&#xF3;licas (valor calificativo)"/>
      </coding>
    </additionalInstruction>
    <patientInstruction value="Tomar una o dos pastillas cada 4-6 horas en caso de aumento de dolor"/>
    <timing>
      <repeat>
        <frequency value="1"/>
        <period value="4"/>
        <periodMax value="6"/>
        <periodUnit value="h"/>
      </repeat>
    </timing>
    <asNeededCodeableConcept>
      <coding>
        <system value="http://snomed.info/sct"/>
        <code value="297217002"/>
        <display value="Dolor Renal (finding)"/>
      </coding>
    </asNeededCodeableConcept>
    <route>
      <coding>
        <system value="http://snomed.info/sct"/>
        <code value="26643006"/>
        <display value="Ruta Oral"/>
      </coding>
    </route>
    <method>
      <coding>
        <system value="http://snomed.info/sct"/>
        <code value="421521009"/>
        <display value="Tragarsela - imperativo contar con informaci&#xF3;n de dosaje (qualifier value)"/>
      </coding>
    </method>
    <doseAndRate>
      <type>
        <coding>
          <system value="http://terminology.hl7.org/CodeSystem/dose-rate-type"/>
          <code value="ordered"/>
          <display value="Ordered"/>
        </coding>
      </type>
      <doseRange>
        <low>
          <value value="1"/>
          <unit value="TAB"/>
          <system value="http://terminology.hl7.org/CodeSystem/v3-orderableDrugForm"/>
          <code value="TAB"/>
        </low>
        <high>
          <value value="2"/>
          <unit value="TAB"/>
          <system value="http://terminology.hl7.org/CodeSystem/v3-orderableDrugForm"/>
          <code value="TAB"/>
        </high>
      </doseRange>
    </doseAndRate>
  </dosageInstruction>
</MedicationDispense>