<?xml version="1.0" encoding="UTF-8"?>

<MedicationRequest xmlns="http://hl7.org/fhir">
  <id value="Ejemplo5-prescipcion"/>
  <meta>
    <profile value="https://rme.hl7chile.cl/StructureDefinition/RecetaPrescripcionCl"/>
  </meta>
  <text>
    <status value="generated"/><div xmlns="http://www.w3.org/1999/xhtml"><p><b>Generated Narrative: MedicationRequest</b></p><div style="display: inline-block; background-color: #d9e0e7; padding: 6px; margin: 4px; border: 1px solid #8da1b4; border-radius: 5px; line-height: 60%"><p style="margin-bottom: 0px">Resource MedicationRequest "Ejemplo5-prescipcion" </p><p style="margin-bottom: 0px">Profile: <a href="StructureDefinition-RecetaPrescripcionCl.html">CL Prescripción</a></p></div><p><b>status</b>: active</p><p><b>intent</b>: order</p><p><b>category</b>: Inpatient <span style="background: LightGoldenRodYellow; margin: 4px; border: 1px solid khaki"> (<a href="http://terminology.hl7.org/4.0.0/CodeSystem-medicationrequest-category.html">MedicationRequest Category Codes</a>#inpatient)</span></p><p><b>medication</b>: <a href="Medication-1667701000167114.html">Medication/1667701000167114: insulina humana NPH 1000 UI/10 mL (100 UI/mL) inyectable</a></p><p><b>subject</b>: <a href="Patient-Paciente1.html">Patient/Paciente1: María Carmen de los Angeles Del río</a> " DEL RIO"</p><p><b>requester</b>: <a href="Practitioner-3309267.html">Practitioner/3309267: Maria Carmen De los angeles Del rio Gonzalez</a> " DEL RIO GONZALEZ"</p><p><b>groupIdentifier</b>: id: 825c1968g3621adgbc17</p><p><b>courseOfTherapyType</b>: Terapia a corto plazo (aguda) <span style="background: LightGoldenRodYellow; margin: 4px; border: 1px solid khaki"> (<a href="CodeSystem-CSCodificacionPatron.html">Patrón de la Prescripción</a>#acute)</span></p><p><b>note</b>: Administrar la cantidad según resultado de glucosa en sangre</p><h3>DispenseRequests</h3><table class="grid"><tr><td>-</td><td><b>ValidityPeriod</b></td></tr><tr><td>*</td><td>2022-08-19 --&gt; 2022-08-26</td></tr></table></div>
  </text>
  <status value="active"/>
  <intent value="order"/>
  <category>
    <coding>
      <system value="http://terminology.hl7.org/CodeSystem/medicationrequest-category"/>
      <code value="inpatient"/>
      <display value="Inpatient"/>
    </coding>
  </category>
  <medicationReference>
    <reference value="Medication/1667701000167114"/>
    <display value="insulina humana NPH 1000 UI/10 mL (100 UI/mL) inyectable"/>
  </medicationReference>
  <subject>
    <reference value="Patient/Paciente1"/>
    <display value="María Carmen de los Angeles Del río"/>
  </subject>
  <requester>
    <reference value="Practitioner/3309267"/>
    <display value="Maria Carmen De los angeles Del rio Gonzalez"/>
  </requester>
  <groupIdentifier>
    <value value="825c1968g3621adgbc17"/>
  </groupIdentifier>
  <courseOfTherapyType>
    <coding>
      <system value="https://rme.hl7chile.cl/CodeSystem/CSCodificacionPatron"/>
      <code value="acute"/>
      <display value="Terapia a corto plazo (aguda)"/>
    </coding>
  </courseOfTherapyType>
  <note>
    <text value="Administrar la cantidad según resultado de glucosa en sangre"/>
  </note>
  <dosageInstruction>
    <sequence value="1"/>
    <text value="Administrar 10 - 20 Unidades Internacionales cada 12 horas por 3 días"/>
    <timing>
      <repeat>
        <boundsDuration>
          <value value="3"/>
          <system value="http://unitsofmeasure.org"/>
          <code value="d"/>
        </boundsDuration>
        <frequency value="1"/>
        <period value="12"/>
        <periodUnit value="h"/>
      </repeat>
    </timing>
    <route>
      <coding>
        <system value="https://rme.hl7chile.cl/CodeSystem/CSViasAdmin"/>
        <code value="26643006"/>
        <display value="vía Oral route (calificador)"/>
      </coding>
    </route>
    <method>
      <coding>
        <system value="https://rme.hl7chile.cl/CodeSystem/CSMetodos"/>
        <code value="740685003"/>
        <display value="Inyección (método de administración)"/>
      </coding>
    </method>
    <doseAndRate>
      <doseRange>
        <low>
          <value value="10"/>
          <unit value="Unidades Internacionales"/>
          <system value="https://rme.hl7chile.cl/CodeSystem/CSUnidadAsistencial"/>
          <code value="unidades-internacionales"/>
        </low>
        <high>
          <value value="20"/>
          <unit value="Unidades Internacionales"/>
          <system value="https://rme.hl7chile.cl/CodeSystem/CSUnidadAsistencial"/>
          <code value="unidades-internacionales"/>
        </high>
      </doseRange>
    </doseAndRate>
  </dosageInstruction>
  <dispenseRequest>
    <validityPeriod>
      <start value="2022-08-19"/>
      <end value="2022-08-26"/>
    </validityPeriod>
  </dispenseRequest>
</MedicationRequest>