<?xml version="1.0" encoding="UTF-8"?>

<MedicationDispense xmlns="http://hl7.org/fhir">
  <id value="DispensacionMedicamentoCL-2"/>
  <meta>
    <profile value="http://minsal.cl/fhir/core/StructureDefinition/DispensacionMedicamentoCl"/>
  </meta>
  <text>
    <status value="generated"/><div xmlns="http://www.w3.org/1999/xhtml"><p><b>Generated Narrative</b></p><div style="display: inline-block; background-color: #d9e0e7; padding: 6px; margin: 4px; border: 1px solid #8da1b4; border-radius: 5px; line-height: 60%"><p style="margin-bottom: 0px">Resource "DispensacionMedicamentoCL-2" </p><p style="margin-bottom: 0px">Profile: <a href="StructureDefinition-DispensacionMedicamentoCl.html">Dispensación_CL</a></p></div><p><b>status</b>: completed</p><p><b>medication</b>: <a href="https://api-receta.minsal.cl/v2/Medication/2123731000167117">https://api-receta.minsal.cl/v2/Medication/2123731000167117: kitadol 500 mg comprimido (Lab Chile) 24 comprimidos</a></p><p><b>subject</b>: <a href="https://api-receta.minsal.cl/v2/Patient/1115090713">https://api-receta.minsal.cl/v2/Patient/1115090713: PABLO PIZARRO</a></p><blockquote><p><b>performer</b></p><p><b>function</b>: Dispensador <span style="background: LightGoldenRodYellow; margin: 4px; border: 1px solid khaki"> (TablaFunc#Dispensador)</span></p><p><b>actor</b>: <a href="https://api-receta.minsal.cl/v2/Practitioner/323073548642">https://api-receta.minsal.cl/v2/Practitioner/323073548642: FRANCO MAURICIO ULLOA MEDINA</a></p></blockquote><blockquote><p><b>performer</b></p><p><b>function</b>: Validador <span style="background: LightGoldenRodYellow; margin: 4px; border: 1px solid khaki"> (TablaFunc#Validador)</span></p><p><b>actor</b>: <a href="https://api-receta.minsal.cl/v2/Practitioner/2309028611">https://api-receta.minsal.cl/v2/Practitioner/2309028611: NICOLÁS ALEXIS SOTO DURÁN</a></p></blockquote><p><b>location</b>: <a href="https://api-receta.minsal.cl/v2/Location/cbc1a58wefvbwlebm51z">https://api-receta.minsal.cl/v2/Location/cbc1a58wefvbwlebm51z</a></p><p><b>authorizingPrescription</b>: <a href="https://api-receta.minsal.cl/v2/MedicationRequest/l3gerwpo41pn7305mfoi">https://api-receta.minsal.cl/v2/MedicationRequest/l3gerwpo41pn7305mfoi</a></p><p><b>quantity</b>: 1</p><p><b>whenHandedOver</b>: 2021-08-23T14:22:27.9Z</p></div>
  </text>
  <status value="completed"/>
  <medicationReference>
    <reference value="https://api-receta.minsal.cl/v2/Medication/2123731000167117"/>
    <display value="kitadol 500 mg comprimido (Lab Chile) 24 comprimidos"/>
  </medicationReference>
  <subject>
    <reference value="https://api-receta.minsal.cl/v2/Patient/1115090713"/>
    <display value="PABLO PIZARRO"/>
  </subject>
  <performer>
    <function>
      <coding>
        <system value="http://receta.minsal.gob.cl/Tablas/TablaFunc"/>
        <code value="Dispensador"/>
        <display value="Dispensador"/>
      </coding>
    </function>
    <actor>
      <reference value="https://api-receta.minsal.cl/v2/Practitioner/323073548642"/>
      <display value="FRANCO MAURICIO ULLOA MEDINA"/>
    </actor>
  </performer>
  <performer>
    <function>
      <coding>
        <system value="http://receta.minsal.gob.cl/Tablas/TablaFunc"/>
        <code value="Validador"/>
        <display value="Validador"/>
      </coding>
    </function>
    <actor>
      <reference value="https://api-receta.minsal.cl/v2/Practitioner/2309028611"/>
      <display value="NICOLÁS ALEXIS SOTO DURÁN"/>
    </actor>
  </performer>
  <location>
    <reference value="https://api-receta.minsal.cl/v2/Location/cbc1a58wefvbwlebm51z"/>
  </location>
  <authorizingPrescription>
    <reference value="https://api-receta.minsal.cl/v2/MedicationRequest/l3gerwpo41pn7305mfoi"/>
  </authorizingPrescription>
  <quantity>
    <value value="1"/>
    <system value="http://unitsofmeasure.org"/>
  </quantity>
  <whenHandedOver value="2021-08-23T14:22:27.900Z"/>
  <dosageInstruction>
    <timing>
      <repeat>
        <boundsDuration>
          <value value="1"/>
          <unit value="d"/>
          <system value="http://unitsofmeasure.org"/>
        </boundsDuration>
        <frequency value="1"/>
        <period value="1"/>
        <periodUnit value="d"/>
      </repeat>
    </timing>
    <route>
      <coding>
        <system value="http://snomed.info/sct"/>
        <code value="26643006"/>
        <display value="Vía Oral"/>
      </coding>
    </route>
    <method>
      <coding>
        <system value="http://snomed.info/sct"/>
        <code value="738995006"/>
        <display value="Tragar (método de administración)"/>
      </coding>
    </method>
    <doseAndRate>
      <doseQuantity>
        <value value="1"/>
        <unit value="comprimido"/>
      </doseQuantity>
    </doseAndRate>
  </dosageInstruction>
</MedicationDispense>