<?xml version="1.0" encoding="UTF-8"?>

<ValueSet xmlns="http://hl7.org/fhir">
  <id value="VSMetodos"/>
  <text>
    <status value="generated"/><div xmlns="http://www.w3.org/1999/xhtml">Placeholder</div>
  </text>
  <url value="https://rme.hl7chile.cl/ValueSet/VSMetodos"/>
  <version value="0.9.1"/>
  <name value="VSMetodos"/>
  <title value="Métodos de Administración"/>
  <status value="active"/>
  <experimental value="false"/>
  <date value="2022-01-18T00:00:00-03:00"/>
  <contact>
    <name value="HL7 Chile"/>
    <telecom>
      <system value="email"/>
      <value value="chair@hl7chile.cl"/>
    </telecom>
  </contact>
  <description value="Métodos de Administración de SNOMED-CT utilizados para el proyecto de receta electrónica"/>
  <jurisdiction>
    <coding>
      <system value="urn:iso:std:iso:3166"/>
      <code value="CL"/>
      <display value="Chile"/>
    </coding>
  </jurisdiction>
  <compose>
    <include>
      <system value="https://rme.hl7chile.cl/CodeSystem/CSMetodos"/>
    </include>
  </compose>
</ValueSet>