{
    "resourceType": "MedicationDispense",
    "id": "y5d6mq6ztftt3dwoxiox",
    "meta": {
        "versionId": "1",
        "lastUpdated": "2022-08-17T14:16:46.924Z"
    },
    "status": "completed",
    "authorizingPrescription": [{
        "reference": "https://api-receta.minsal.cl/v2/MedicationRequest/ey8ixfrldglgymeftf7k"
    }],
    "medicationReference": {
        "reference": "https://api-receta.minsal.cl/v2/Medication/2055591000167116",
        "display": "diclofenaco sódico 50 mg supositorio (Lab Chile) 5 supositorios"
    },
    "subject": {
        "reference": "https://api-receta.minsal.cl/v2/Patient/3245690415",
        "display": "María Carmen de los Angeles Del río"
    },
    "quantity": {
        "value": 2,
        "system": "http://unitsofmeasure.org"
    },
    "location": {
        "reference": "https://api-receta.minsal.cl/v2/Location/tqo6krppa0gbygu2kkud",
        "display": "SALCOBRAND - Local: 73"
    },
    "performer": [{
        "function": {
            "coding": [{
                "system": "https://api-receta.minsal.cl/Tablas/TablaFunc",
                "code": "dispensador",
                "display": "Dispensador"
            }]
        },
        "actor": {
            "reference": "https://api-receta.minsal.cl/v2/Practitioner/2309028611",
            "display": "NICOLÁS ALEXIS SOTO DURÁN"
        }
    }],
    "dosageInstruction": [{
        "text": "Administrar 1 Supositorio cada 12 horas por 5 días",
        "route": {
            "coding": [{
                "code": "37161004",
                "system": "http://snomed.info/sct",
                "display": "en el recto"
            }]
        },
        "method": {
            "coding": [{
                "code": "738993004",
                "system": "http://snomed.info/sct",
                "display": "Inserción"
            }]
        },
        "timing": {
            "repeat": {
                "period": 12,
                "frequency": 1,
                "periodUnit": "h",
                "boundsDuration": {
                    "code": "d",
                    "value": 5,
                    "system": "http://unitsofmeasure.org"
                }
            }
        },
        "sequence": 1,
        "doseAndRate": [{
            "doseQuantity": {
                "code": "supositorio",
                "unit": "supositorio",
                "value": 1,
                "system": "http://recetaelectronica.minsal.cl/gi-fhir/CodeSystem/CSUnidadAsistencial"
            }
        }]
    }],
    "whenHandedOver": "2022-08-20T16:24:17.217Z"
}