<?xml version="1.0" encoding="UTF-8"?>

<MedicationRequest xmlns="http://hl7.org/fhir">
  <id value="PrescripcionRecetaCL-2"/>
  <meta>
    <profile value="http://minsal.cl/fhir/core/StructureDefinition/RecetaPrescripcionCl"/>
  </meta>
  <text>
    <status value="generated"/><div xmlns="http://www.w3.org/1999/xhtml"><p><b>Generated Narrative</b></p><div style="display: inline-block; background-color: #d9e0e7; padding: 6px; margin: 4px; border: 1px solid #8da1b4; border-radius: 5px; line-height: 60%"><p style="margin-bottom: 0px">Resource "PrescripcionRecetaCL-2" </p><p style="margin-bottom: 0px">Profile: <a href="StructureDefinition-RecetaPrescripcionCl.html">Prescripción_CL</a></p></div><p><b>identifier</b>: Identificación Local: 10101010</p><p><b>status</b>: active</p><p><b>intent</b>: order</p><p><b>category</b>: outpatient <span style="background: LightGoldenRodYellow; margin: 4px; border: 1px solid khaki"> ([not stated]#outpatient)</span></p><p><b>medication</b>: <a href="https://api-receta.minsal.cl/v2/Medication/1703591000167111">https://api-receta.minsal.cl/v2/Medication/1703591000167111: Hidroclorotiazida 25 mg + Valsartán 160 mg comprimido</a></p><p><b>subject</b>: <a href="https://api-receta.minsal.cl/v2/Patient/3254156114">https://api-receta.minsal.cl/v2/Patient/3254156114: FELIPE MAURICIO MANCINI RUIZ-TAGLE</a></p><p><b>authoredOn</b>: 2021-08-15T17:31:00Z</p><p><b>requester</b>: <a href="https://api-receta.minsal.cl/v2/Practitioner/3253825513">https://api-receta.minsal.cl/v2/Practitioner/3253825513: JUAN JOSÉ ORTEGA CALLEJAS</a></p><p><b>groupIdentifier</b>: id: 64e51a53-97d3-44dc-bbfe-1c8697697763</p><h3>DispenseRequests</h3><table class="grid"><tr><td>-</td><td><b>ValidityPeriod</b></td></tr><tr><td>*</td><td>2021-08-15 --&gt; 2022-08-15</td></tr></table></div>
  </text>
  <identifier>
    <type>
      <coding>
        <code value="Id_Local"/>
        <display value="Identificación Local"/>
      </coding>
    </type>
    <system value="https://sistema_de_dispensacion_local/prescripciones"/>
    <value value="10101010"/>
    <assigner>
      <display value="CESFAM COQUIMBO"/>
    </assigner>
  </identifier>
  <status value="active"/>
  <intent value="order"/>
  <category>
    <coding>
      <code value="outpatient"/>
    </coding>
  </category>
  <medicationReference>
    <reference value="https://api-receta.minsal.cl/v2/Medication/1703591000167111"/>
    <display value="Hidroclorotiazida 25 mg + Valsartán 160 mg comprimido"/>
  </medicationReference>
  <subject>
    <reference value="https://api-receta.minsal.cl/v2/Patient/3254156114"/>
    <display value="FELIPE MAURICIO MANCINI RUIZ-TAGLE"/>
  </subject>
  <authoredOn value="2021-08-15T17:31:00Z"/>
  <requester>
    <reference value="https://api-receta.minsal.cl/v2/Practitioner/3253825513"/>
    <display value="JUAN JOSÉ ORTEGA CALLEJAS"/>
  </requester>
  <groupIdentifier>
    <value value="64e51a53-97d3-44dc-bbfe-1c8697697763"/>
  </groupIdentifier>
  <dosageInstruction>
    <timing>
      <repeat>
        <frequency value="2"/>
        <period value="1"/>
        <periodUnit value="d"/>
      </repeat>
    </timing>
    <route>
      <coding>
        <system value="http://snomed.info/sct"/>
        <code value="26643006"/>
        <display value="Vía Oral"/>
      </coding>
    </route>
    <method>
      <coding>
        <system value="http://snomed.info/sct"/>
        <code value="738995006"/>
        <display value="Tragar (método de administración)"/>
      </coding>
    </method>
    <doseAndRate>
      <doseQuantity>
        <value value="2"/>
        <unit value="Comprimido"/>
      </doseQuantity>
    </doseAndRate>
  </dosageInstruction>
  <dispenseRequest>
    <validityPeriod>
      <start value="2021-08-15"/>
      <end value="2022-08-15"/>
    </validityPeriod>
  </dispenseRequest>
</MedicationRequest>