{
  "resourceType": "MedicationRequest",
  "id": "PrescripcionRecetaCL-2",
  "meta": {
    "profile": [
      "http://minsal.cl/fhir/core/StructureDefinition/RecetaPrescripcionCl"
    ]
  },
  "text": {
    "status": "generated",
    "div": "<div xmlns=\"http://www.w3.org/1999/xhtml\"><p><b>Generated Narrative</b></p><p><b>identifier</b>: Identificación Local: 10101010</p><p><b>status</b>: active</p><p><b>intent</b>: order</p><p><b>category</b>: <span title=\"Codes: \">outpatient</span></p><p><b>medication</b>: <a href=\"https://api-receta.minsal.cl/v2/Medication/1703591000167111\">Hidroclorotiazida 25 mg + Valsartán 160 mg comprimido</a></p><p><b>subject</b>: <a href=\"https://api-receta.minsal.cl/v2/Patient/3254156114\">FELIPE MAURICIO MANCINI RUIZ-TAGLE</a></p><p><b>authoredOn</b>: 15-08-2021 13:31:00</p><p><b>requester</b>: <a href=\"https://api-receta.minsal.cl/v2/Practitioner/3253825513\">JUAN JOSÉ ORTEGA CALLEJAS</a></p><p><b>groupIdentifier</b>: id: 64e51a53-97d3-44dc-bbfe-1c8697697763</p><h3>DispenseRequests</h3><table class=\"grid\"><tr><td>-</td><td><b>ValidityPeriod</b></td></tr><tr><td>*</td><td>2021-08-15 --&gt; 2022-08-15</td></tr></table></div>"
  },
  "identifier": [
    {
      "type": {
        "coding": [
          {
            "code": "Id_Local",
            "display": "Identificación Local"
          }
        ]
      },
      "system": "https://sistema_de_dispensacion_local/prescripciones",
      "value": "10101010",
      "assigner": {
        "display": "CESFAM COQUIMBO"
      }
    }
  ],
  "status": "active",
  "intent": "order",
  "category": [
    {
      "coding": [
        {
          "code": "outpatient"
        }
      ]
    }
  ],
  "medicationReference": {
    "reference": "https://api-receta.minsal.cl/v2/Medication/1703591000167111",
    "display": "Hidroclorotiazida 25 mg + Valsartán 160 mg comprimido"
  },
  "subject": {
    "reference": "https://api-receta.minsal.cl/v2/Patient/3254156114",
    "display": "FELIPE MAURICIO MANCINI RUIZ-TAGLE"
  },
  "authoredOn": "2021-08-15T17:31:00Z",
  "requester": {
    "reference": "https://api-receta.minsal.cl/v2/Practitioner/3253825513",
    "display": "JUAN JOSÉ ORTEGA CALLEJAS"
  },
  "groupIdentifier": {
    "value": "64e51a53-97d3-44dc-bbfe-1c8697697763"
  },
  "dosageInstruction": [
    {
      "timing": {
        "repeat": {
          "frequency": 2,
          "period": 1,
          "periodUnit": "d"
        }
      },
      "route": {
        "coding": [
          {
            "system": "http://snomed.info/sct",
            "code": "26643006",
            "display": "Vía Oral"
          }
        ]
      },
      "method": {
        "coding": [
          {
            "system": "http://snomed.info/sct",
            "code": "738995006",
            "display": "Tragar (método de administración)"
          }
        ]
      },
      "doseAndRate": [
        {
          "doseQuantity": {
            "value": 2,
            "unit": "Comprimido"
          }
        }
      ]
    }
  ],
  "dispenseRequest": {
    "validityPeriod": {
      "start": "2021-08-15",
      "end": "2022-08-15"
    }
  }
}