<?xml version="1.0" encoding="UTF-8"?>

<RequestGroup xmlns="http://hl7.org/fhir">
  <id value="Ejemplo7-Receta"/>
  <meta>
    <profile value="https://rme.hl7chile.cl/StructureDefinition/RecetaCl"/>
  </meta>
  <text>
    <status value="generated"/><div xmlns="http://www.w3.org/1999/xhtml"><p><b>Generated Narrative: RequestGroup</b></p><div style="display: inline-block; background-color: #d9e0e7; padding: 6px; margin: 4px; border: 1px solid #8da1b4; border-radius: 5px; line-height: 60%"><p style="margin-bottom: 0px">Resource RequestGroup "Ejemplo7-Receta" </p><p style="margin-bottom: 0px">Profile: <a href="StructureDefinition-RecetaCl.html">CL Receta</a></p></div><p><b>basedOn</b>: <a name="Inline-Instance-para-ejemplo8"> </a></p><blockquote><div style="display: inline-block; background-color: #d9e0e7; padding: 6px; margin: 4px; border: 1px solid #8da1b4; border-radius: 5px; line-height: 60%"><p style="margin-bottom: 0px">Resource MedicationRequest "Inline-Instance-para-ejemplo8" </p><p style="margin-bottom: 0px">Profile: <a href="StructureDefinition-RecetaPrescripcionCl.html">CL Prescripción</a></p></div><p><b>Identificación de un medicamento bajo su marca comercial</b>: <a href="Medication-1976661000167112.html">Medication/1976661000167112: ketanor SL comprimido sublingual (ITF - Labomed)</a></p><p><b>status</b>: active</p><p><b>intent</b>: order</p><p><b>category</b>: community <span style="background: LightGoldenRodYellow; margin: 4px; border: 1px solid khaki"> (<a href="http://terminology.hl7.org/4.0.0/CodeSystem-medicationrequest-category.html">MedicationRequest Category Codes</a>#community)</span></p><p><b>medication</b>: <a href="Medication-1668191000167115.html">Medication/1668191000167115: ketorolaco 30 mg comprimido sublingual</a></p><p><b>subject</b>: <a href="Patient-Paciente1.html">Patient/Paciente1: María Carmen de los Angeles Del río</a> " DEL RIO"</p><p><b>requester</b>: <a href="Practitioner-3309267.html">Practitioner/3309267: Maria Carmen De los angeles Del rio Gonzalez</a> " DEL RIO GONZALEZ"</p><p><b>groupIdentifier</b>: id: f89ba220g4455d6891f7</p><p><b>courseOfTherapyType</b>: Terapia a corto plazo (aguda) <span style="background: LightGoldenRodYellow; margin: 4px; border: 1px solid khaki"> (<a href="CodeSystem-CSCodificacionPatron.html">Patrón de la Prescripción</a>#acute)</span></p><p><b>note</b>: Tomar según intensidad del dolor</p><h3>DispenseRequests</h3><table class="grid"><tr><td>-</td><td><b>ValidityPeriod</b></td></tr><tr><td>*</td><td>2022-08-19 --&gt; 2022-09-18</td></tr></table></blockquote><p><b>groupIdentifier</b>: id: f89ba220g4455d6891f7</p><p><b>status</b>: active</p><p><b>intent</b>: order</p><p><b>subject</b>: <a href="Patient-Paciente1.html">Patient/Paciente1: María Carmen de los Angeles Del río</a> " DEL RIO"</p><p><b>authoredOn</b>: 2022-08-19 06:48:55+0000</p></div>
  </text>
  <contained>
    <MedicationRequest>
      <id value="Inline-Instance-para-ejemplo8"/>
      <meta>
        <profile value="https://rme.hl7chile.cl/StructureDefinition/RecetaPrescripcionCl"/>
      </meta>
      <extension url="https://rme.hl7chile.cl/StructureDefinition/ProdComercial">
        <valueReference>
          <reference value="Medication/1976661000167112"/>
          <display value="ketanor SL comprimido sublingual (ITF - Labomed)"/>
        </valueReference>
      </extension>
      <status value="active"/>
      <intent value="order"/>
      <category>
        <coding>
          <system value="http://terminology.hl7.org/CodeSystem/medicationrequest-category"/>
          <code value="community"/>
          <display value="community"/>
        </coding>
      </category>
      <medicationReference>
        <reference value="Medication/1668191000167115"/>
        <display value="ketorolaco 30 mg comprimido sublingual"/>
      </medicationReference>
      <subject>
        <reference value="Patient/Paciente1"/>
        <display value="María Carmen de los Angeles Del río"/>
      </subject>
      <requester>
        <reference value="Practitioner/3309267"/>
        <display value="Maria Carmen De los angeles Del rio Gonzalez"/>
      </requester>
      <groupIdentifier>
        <value value="f89ba220g4455d6891f7"/>
      </groupIdentifier>
      <courseOfTherapyType>
        <coding>
          <system value="https://rme.hl7chile.cl/CodeSystem/CSCodificacionPatron"/>
          <code value="acute"/>
          <display value="Terapia a corto plazo (aguda)"/>
        </coding>
      </courseOfTherapyType>
      <note>
        <text value="Tomar según intensidad del dolor"/>
      </note>
      <dosageInstruction>
        <sequence value="1"/>
        <text value="Administrar 0.5 - 1 Comprimidos cada 8 - 12 horas por 1 a 2 semanas"/>
        <timing>
          <repeat>
            <boundsRange>
              <low>
                <value value="1"/>
                <unit value="wk"/>
                <system value="http://unitsofmeasure.org"/>
                <code value="wk"/>
              </low>
              <high>
                <value value="2"/>
                <unit value="wk"/>
                <system value="http://unitsofmeasure.org"/>
                <code value="wk"/>
              </high>
            </boundsRange>
            <frequency value="1"/>
            <period value="8"/>
            <periodMax value="12"/>
            <periodUnit value="h"/>
          </repeat>
        </timing>
        <route>
          <coding>
            <system value="https://rme.hl7chile.cl/CodeSystem/CSViasAdmin"/>
            <code value="37839007"/>
            <display value="vía de administración por debajo de la lengua (calificador)"/>
          </coding>
        </route>
        <method>
          <coding>
            <system value="https://rme.hl7chile.cl/CodeSystem/CSMetodos"/>
            <code value="738990001"/>
            <display value="Administración (método de administración)"/>
          </coding>
        </method>
        <doseAndRate>
          <doseRange>
            <low>
              <value value="0.5"/>
              <unit value="Comprimido"/>
              <system value="https://rme.hl7chile.cl/CodeSystem/CSUnidadAsistencial"/>
              <code value="comprimido"/>
            </low>
            <high>
              <value value="1"/>
              <unit value="Comprimido"/>
              <system value="https://rme.hl7chile.cl/CodeSystem/CSUnidadAsistencial"/>
              <code value="comprimido"/>
            </high>
          </doseRange>
        </doseAndRate>
      </dosageInstruction>
      <dispenseRequest>
        <validityPeriod>
          <start value="2022-08-19"/>
          <end value="2022-09-18"/>
        </validityPeriod>
      </dispenseRequest>
    </MedicationRequest>
  </contained>
  <basedOn>
    <reference value="#Inline-Instance-para-ejemplo8"/>
  </basedOn>
  <groupIdentifier>
    <value value="f89ba220g4455d6891f7"/>
  </groupIdentifier>
  <status value="active"/>
  <intent value="order"/>
  <subject>
    <reference value="Patient/Paciente1"/>
    <display value="María Carmen de los Angeles Del río"/>
  </subject>
  <authoredOn value="2022-08-19T18:48:55.792Z"/>
</RequestGroup>