{"resourceType":"CodeSystem","id":"CSViasAdmin","text":{"status":"generated","div":"<div xmlns=\"http://www.w3.org/1999/xhtml\"><p>This case-sensitive code system <code>https://interoperabilidad.minsal.cl/fhir/ig/snre/CodeSystem/CSViasAdmin</code> defines the following codes:</p><table class=\"codes\"><tr><td style=\"white-space:nowrap\"><b>Code</b></td><td><b>Display</b></td></tr><tr><td style=\"white-space:nowrap\">26643006<a name=\"CSViasAdmin-26643006\"> </a></td><td>vía Oral route (calificador)</td></tr><tr><td style=\"white-space:nowrap\">46713006<a name=\"CSViasAdmin-46713006\"> </a></td><td>vía de administración en cavidad nasal (calificador)</td></tr><tr><td style=\"white-space:nowrap\">404820008<a name=\"CSViasAdmin-404820008\"> </a></td><td>vía de administración en el espacio epidural que rodea a la duramadre (calificador)</td></tr><tr><td style=\"white-space:nowrap\">418136008<a name=\"CSViasAdmin-418136008\"> </a></td><td>vía de administración a través de estoma gastrointestinal (calificador)</td></tr><tr><td style=\"white-space:nowrap\">127490009<a name=\"CSViasAdmin-127490009\"> </a></td><td>vía de administración a través de gastrostomía (calificador)</td></tr><tr><td style=\"white-space:nowrap\">127491008<a name=\"CSViasAdmin-127491008\"> </a></td><td>vía de administración a través de yeyunostomía (calificador)</td></tr><tr><td style=\"white-space:nowrap\">58100008<a name=\"CSViasAdmin-58100008\"> </a></td><td>vía de administración intrarterial (calificador)</td></tr><tr><td style=\"white-space:nowrap\">12130007<a name=\"CSViasAdmin-12130007\"> </a></td><td>vía de administración en una articulación (calificador)</td></tr><tr><td style=\"white-space:nowrap\">372461007<a name=\"CSViasAdmin-372461007\"> </a></td><td>vía de administración en lesión cavernosa (calificador)</td></tr><tr><td style=\"white-space:nowrap\">372461008<a name=\"CSViasAdmin-372461008\"> </a></td><td>vía de administración en lesión cavernosa (calificador)</td></tr><tr><td style=\"white-space:nowrap\">372464004<a name=\"CSViasAdmin-372464004\"> </a></td><td>vía de administración en la dermis (calificador)</td></tr><tr><td style=\"white-space:nowrap\">78421000<a name=\"CSViasAdmin-78421000\"> </a></td><td>vía de administración intramuscular (calificador)</td></tr><tr><td style=\"white-space:nowrap\">38239002<a name=\"CSViasAdmin-38239002\"> </a></td><td>vía de administración en la cavidad peritoneal (calificador)</td></tr><tr><td style=\"white-space:nowrap\">72607000<a name=\"CSViasAdmin-72607000\"> </a></td><td>vía de administración en el espacio subaracnoideo (calificador)</td></tr><tr><td style=\"white-space:nowrap\">418892005<a name=\"CSViasAdmin-418892005\"> </a></td><td>vía de administración en cisterna magna (calificador)</td></tr><tr><td style=\"white-space:nowrap\">420719007<a name=\"CSViasAdmin-420719007\"> </a></td><td>vía de administración en ventrículo cerebral (calificador)</td></tr><tr><td style=\"white-space:nowrap\">62226000<a name=\"CSViasAdmin-62226000\"> </a></td><td>vía de administración en la cavidad uterina (calificador)</td></tr><tr><td style=\"white-space:nowrap\">47625008<a name=\"CSViasAdmin-47625008\"> </a></td><td>vía de administración intravenosa (calificador)</td></tr><tr><td style=\"white-space:nowrap\">372471009<a name=\"CSViasAdmin-372471009\"> </a></td><td>vía de administración en la cavidad de la vejiga (calificador)</td></tr><tr><td style=\"white-space:nowrap\">54485002<a name=\"CSViasAdmin-54485002\"> </a></td><td>vía de administración oftálmica (calificador)</td></tr><tr><td style=\"white-space:nowrap\">10547007<a name=\"CSViasAdmin-10547007\"> </a></td><td>vía de administración a través del oído (calificador)</td></tr><tr><td style=\"white-space:nowrap\">37161004<a name=\"CSViasAdmin-37161004\"> </a></td><td>vía de administración en el recto (calificador)</td></tr><tr><td style=\"white-space:nowrap\">127492001<a name=\"CSViasAdmin-127492001\"> </a></td><td>vía de administración a través de la nariz hasta el estómago (calificador)</td></tr><tr><td style=\"white-space:nowrap\">34206005<a name=\"CSViasAdmin-34206005\"> </a></td><td>vía de administración subcutánea (calificador)</td></tr><tr><td style=\"white-space:nowrap\">37839007<a name=\"CSViasAdmin-37839007\"> </a></td><td>vía de administración por debajo de la lengua (calificador)</td></tr><tr><td style=\"white-space:nowrap\">6064005<a name=\"CSViasAdmin-6064005\"> </a></td><td>vía de administración tópica (calificador)</td></tr><tr><td style=\"white-space:nowrap\">45890007<a name=\"CSViasAdmin-45890007\"> </a></td><td>vía de administración a través de la dermis (calificador)</td></tr><tr><td style=\"white-space:nowrap\">418511008<a name=\"CSViasAdmin-418511008\"> </a></td><td>vía de administración a través de la uretra (calificador)</td></tr><tr><td style=\"white-space:nowrap\">16857009<a name=\"CSViasAdmin-16857009\"> </a></td><td>vía de administración por la vagina (calificador)</td></tr><tr><td style=\"white-space:nowrap\">418722009<a name=\"CSViasAdmin-418722009\"> </a></td><td>vía de administración alrededor del globo ocular (calificador)</td></tr><tr><td style=\"white-space:nowrap\">419762003<a name=\"CSViasAdmin-419762003\"> </a></td><td>vía de administración alrededor de un tendón (calificador)</td></tr><tr><td style=\"white-space:nowrap\">418813001<a name=\"CSViasAdmin-418813001\"> </a></td><td>vía de administración a través de drenaje quirúrgico (calificador)</td></tr><tr><td style=\"white-space:nowrap\">372458006<a name=\"CSViasAdmin-372458006\"> </a></td><td>vía de administración en la cavidad amniótica (calificador)</td></tr><tr><td style=\"white-space:nowrap\">419894000<a name=\"CSViasAdmin-419894000\"> </a></td><td>vía de administración en cavidad quirúrgica (calificador)</td></tr><tr><td style=\"white-space:nowrap\">418162004<a name=\"CSViasAdmin-418162004\"> </a></td><td>vía de administración a través de colostomía (calificador)</td></tr><tr><td style=\"white-space:nowrap\">418418000<a name=\"CSViasAdmin-418418000\"> </a></td><td>vía de administración en columna vertebral (calificador)</td></tr><tr><td style=\"white-space:nowrap\">372460008<a name=\"CSViasAdmin-372460008\"> </a></td><td>vía de administración en el corazón (calificador)</td></tr><tr><td style=\"white-space:nowrap\">419243002<a name=\"CSViasAdmin-419243002\"> </a></td><td>vía de administración a través del cuello uterino (calificador)</td></tr><tr><td style=\"white-space:nowrap\">448598008<a name=\"CSViasAdmin-448598008\"> </a></td><td>vía de administración cutánea (calificador)</td></tr><tr><td style=\"white-space:nowrap\">445769006<a name=\"CSViasAdmin-445769006\"> </a></td><td>vía de administración en el cuerpo cavernoso (calificador)</td></tr><tr><td style=\"white-space:nowrap\">372449004<a name=\"CSViasAdmin-372449004\"> </a></td><td>vía de administración dental (calificador)</td></tr><tr><td style=\"white-space:nowrap\">372457001<a name=\"CSViasAdmin-372457001\"> </a></td><td>vía de administración en la encía (calificador)</td></tr><tr><td style=\"white-space:nowrap\">417985001<a name=\"CSViasAdmin-417985001\"> </a></td><td>vía de administración enteral (calificador)</td></tr><tr><td style=\"white-space:nowrap\">420163009<a name=\"CSViasAdmin-420163009\"> </a></td><td>vía de administración a través de esofagostomía (calificador)</td></tr><tr><td style=\"white-space:nowrap\">697971008<a name=\"CSViasAdmin-697971008\"> </a></td><td>vía de administración a través de fístula arteriovenosa (calificador)</td></tr><tr><td style=\"white-space:nowrap\">447121004<a name=\"CSViasAdmin-447121004\"> </a></td><td>vía de administración en la glándula mamaria (calificador)</td></tr><tr><td style=\"white-space:nowrap\">766790006<a name=\"CSViasAdmin-766790006\"> </a></td><td>vía de hemodiálisis extracorpórea (calificador)</td></tr><tr><td style=\"white-space:nowrap\">418401004<a name=\"CSViasAdmin-418401004\"> </a></td><td>vía de administración en el humor vítreo (calificador)</td></tr><tr><td style=\"white-space:nowrap\">419954003<a name=\"CSViasAdmin-419954003\"> </a></td><td>vía de administración a través de ileostomía (calificador)</td></tr><tr><td style=\"white-space:nowrap\">372459003<a name=\"CSViasAdmin-372459003\"> </a></td><td>vía de administración en una bolsa serosa (calificador)</td></tr><tr><td style=\"white-space:nowrap\">58771000052103<a name=\"CSViasAdmin-58771000052103\"> </a></td><td>vía intracolangiopancreática (calificador)</td></tr><tr><td style=\"white-space:nowrap\">429817007<a name=\"CSViasAdmin-429817007\"> </a></td><td>vía de administración en el intersticio de un tejido (calificador)</td></tr><tr><td style=\"white-space:nowrap\">418608002<a name=\"CSViasAdmin-418608002\"> </a></td><td>vía de administración en la córnea (calificador)</td></tr><tr><td style=\"white-space:nowrap\">711360002<a name=\"CSViasAdmin-711360002\"> </a></td><td>vía intraneural (calificador)</td></tr><tr><td style=\"white-space:nowrap\">446442000<a name=\"CSViasAdmin-446442000\"> </a></td><td>vía de administración a través de la placenta (calificador)</td></tr><tr><td style=\"white-space:nowrap\">60213007<a name=\"CSViasAdmin-60213007\"> </a></td><td>vía de administración en médula ósea (calificador)</td></tr><tr><td style=\"white-space:nowrap\">418730005<a name=\"CSViasAdmin-418730005\"> </a></td><td>vía de administración a través de la nariz hasta el yeyuno (calificador)</td></tr><tr><td style=\"white-space:nowrap\">428191002<a name=\"CSViasAdmin-428191002\"> </a></td><td>vía de administración a través de la piel (calificador)</td></tr><tr><td style=\"white-space:nowrap\">372474001<a name=\"CSViasAdmin-372474001\"> </a></td><td>vía de administración en tejidos que rodean una articulación (calificador)</td></tr><tr><td style=\"white-space:nowrap\">445771006<a name=\"CSViasAdmin-445771006\"> </a></td><td>vía de administración en pericardio (calificador)</td></tr><tr><td style=\"white-space:nowrap\">372475000<a name=\"CSViasAdmin-372475000\"> </a></td><td>vía de administración en el tejido que rodea a un nervio (calificador)</td></tr><tr><td style=\"white-space:nowrap\">420047004<a name=\"CSViasAdmin-420047004\"> </a></td><td>vía de administración en el periostio (calificador)</td></tr><tr><td style=\"white-space:nowrap\">372469009<a name=\"CSViasAdmin-372469009\"> </a></td><td>vía de administración en pleura o espacio pleural (calificador)</td></tr><tr><td style=\"white-space:nowrap\">418321004<a name=\"CSViasAdmin-418321004\"> </a></td><td>vía de administración retrobulbar (calificador)</td></tr><tr><td style=\"white-space:nowrap\">58831000052108<a name=\"CSViasAdmin-58831000052108\"> </a></td><td>vía subretiniana (calificador)</td></tr><tr><td style=\"white-space:nowrap\">447081004<a name=\"CSViasAdmin-447081004\"> </a></td><td>vía de administración en el tracto respiratorio inferior (calificador)</td></tr><tr><td style=\"white-space:nowrap\">447227007<a name=\"CSViasAdmin-447227007\"> </a></td><td>vía de administración a través del tímpano (calificador)</td></tr><tr><td style=\"white-space:nowrap\">447122006<a name=\"CSViasAdmin-447122006\"> </a></td><td>vía de administración en un tumor (calificador)</td></tr><tr><td style=\"white-space:nowrap\">420168000<a name=\"CSViasAdmin-420168000\"> </a></td><td>vía de administración a través urostomía (calificador)</td></tr><tr><td style=\"white-space:nowrap\">372463005<a name=\"CSViasAdmin-372463005\"> </a></td><td>vía de administración en vaso coronario (calificador)</td></tr><tr><td style=\"white-space:nowrap\">372467006<a name=\"CSViasAdmin-372467006\"> </a></td><td>vía de administración en vaso o ganglio linfático (calificador)</td></tr><tr><td style=\"white-space:nowrap\">404819002<a name=\"CSViasAdmin-404819002\"> </a></td><td>vía de administración en la bilis o las vías biliares (calificador)</td></tr></table></div>"},"url":"https://interoperabilidad.minsal.cl/fhir/ig/snre/CodeSystem/CSViasAdmin","version":"0.9.8","name":"CSViasAdmin","title":"Vías de Administración","status":"active","experimental":false,"date":"2022-01-18T00:00:00-03:00","publisher":"Unidad de Interoperabilidad - MINSAL","contact":[{"name":"Unidad de Interoperabilidad - MINSAL","telecom":[{"system":"url","value":"https://interoperabilidad.minsal.cl"}]}],"description":"Vías de Administración de SNOMED-CT utilizadas para el Sistema Nacional de Receta Electrónica","jurisdiction":[{"coding":[{"system":"urn:iso:std:iso:3166","code":"CL","display":"Chile"}]}],"caseSensitive":true,"content":"complete","count":72,"concept":[{"code":"26643006","display":"vía Oral route (calificador)"},{"code":"46713006","display":"vía de administración en cavidad nasal (calificador)"},{"code":"404820008","display":"vía de administración en el espacio epidural que rodea a la duramadre (calificador)"},{"code":"418136008","display":"vía de administración a través de estoma gastrointestinal (calificador)"},{"code":"127490009","display":"vía de administración a través de gastrostomía (calificador)"},{"code":"127491008","display":"vía de administración a través de yeyunostomía (calificador)"},{"code":"58100008","display":"vía de administración intrarterial (calificador)"},{"code":"12130007","display":"vía de administración en una articulación (calificador)"},{"code":"372461007","display":"vía de administración en lesión cavernosa (calificador)"},{"code":"372461008","display":"vía de administración en lesión cavernosa (calificador)"},{"code":"372464004","display":"vía de administración en la dermis (calificador)"},{"code":"78421000","display":"vía de administración intramuscular (calificador)"},{"code":"38239002","display":"vía de administración en la cavidad peritoneal (calificador)"},{"code":"72607000","display":"vía de administración en el espacio subaracnoideo (calificador)"},{"code":"418892005","display":"vía de administración en cisterna magna (calificador)"},{"code":"420719007","display":"vía de administración en ventrículo cerebral (calificador)"},{"code":"62226000","display":"vía de administración en la cavidad uterina (calificador)"},{"code":"47625008","display":"vía de administración intravenosa (calificador)"},{"code":"372471009","display":"vía de administración en la cavidad de la vejiga (calificador)"},{"code":"54485002","display":"vía de administración oftálmica (calificador)"},{"code":"10547007","display":"vía de administración a través del oído (calificador)"},{"code":"37161004","display":"vía de administración en el recto (calificador)"},{"code":"127492001","display":"vía de administración a través de la nariz hasta el estómago (calificador)"},{"code":"34206005","display":"vía de administración subcutánea (calificador)"},{"code":"37839007","display":"vía de administración por debajo de la lengua (calificador)"},{"code":"6064005","display":"vía de administración tópica (calificador)"},{"code":"45890007","display":"vía de administración a través de la dermis (calificador)"},{"code":"418511008","display":"vía de administración a través de la uretra (calificador)"},{"code":"16857009","display":"vía de administración por la vagina (calificador)"},{"code":"418722009","display":"vía de administración alrededor del globo ocular (calificador)"},{"code":"419762003","display":"vía de administración alrededor de un tendón (calificador)"},{"code":"418813001","display":"vía de administración a través de drenaje quirúrgico (calificador)"},{"code":"372458006","display":"vía de administración en la cavidad amniótica (calificador)"},{"code":"419894000","display":"vía de administración en cavidad quirúrgica (calificador)"},{"code":"418162004","display":"vía de administración a través de colostomía (calificador)"},{"code":"418418000","display":"vía de administración en columna vertebral (calificador)"},{"code":"372460008","display":"vía de administración en el corazón (calificador)"},{"code":"419243002","display":"vía de administración a través del cuello uterino (calificador)"},{"code":"448598008","display":"vía de administración cutánea (calificador)"},{"code":"445769006","display":"vía de administración en el cuerpo cavernoso (calificador)"},{"code":"372449004","display":"vía de administración dental (calificador)"},{"code":"372457001","display":"vía de administración en la encía (calificador)"},{"code":"417985001","display":"vía de administración enteral (calificador)"},{"code":"420163009","display":"vía de administración a través de esofagostomía (calificador)"},{"code":"697971008","display":"vía de administración a través de fístula arteriovenosa (calificador)"},{"code":"447121004","display":"vía de administración en la glándula mamaria (calificador)"},{"code":"766790006","display":"vía de hemodiálisis extracorpórea (calificador)"},{"code":"418401004","display":"vía de administración en el humor vítreo (calificador)"},{"code":"419954003","display":"vía de administración a través de ileostomía (calificador)"},{"code":"372459003","display":"vía de administración en una bolsa serosa (calificador)"},{"code":"58771000052103","display":"vía intracolangiopancreática (calificador)"},{"code":"429817007","display":"vía de administración en el intersticio de un tejido (calificador)"},{"code":"418608002","display":"vía de administración en la córnea (calificador)"},{"code":"711360002","display":"vía intraneural (calificador)"},{"code":"446442000","display":"vía de administración a través de la placenta (calificador)"},{"code":"60213007","display":"vía de administración en médula ósea (calificador)"},{"code":"418730005","display":"vía de administración a través de la nariz hasta el yeyuno (calificador)"},{"code":"428191002","display":"vía de administración a través de la piel (calificador)"},{"code":"372474001","display":"vía de administración en tejidos que rodean una articulación (calificador)"},{"code":"445771006","display":"vía de administración en pericardio (calificador)"},{"code":"372475000","display":"vía de administración en el tejido que rodea a un nervio (calificador)"},{"code":"420047004","display":"vía de administración en el periostio (calificador)"},{"code":"372469009","display":"vía de administración en pleura o espacio pleural (calificador)"},{"code":"418321004","display":"vía de administración retrobulbar (calificador)"},{"code":"58831000052108","display":"vía subretiniana (calificador)"},{"code":"447081004","display":"vía de administración en el tracto respiratorio inferior (calificador)"},{"code":"447227007","display":"vía de administración a través del tímpano (calificador)"},{"code":"447122006","display":"vía de administración en un tumor (calificador)"},{"code":"420168000","display":"vía de administración a través urostomía (calificador)"},{"code":"372463005","display":"vía de administración en vaso coronario (calificador)"},{"code":"372467006","display":"vía de administración en vaso o ganglio linfático (calificador)"},{"code":"404819002","display":"vía de administración en la bilis o las vías biliares (calificador)"}]}