{"resourceType":"CodeSystem","id":"CSUnidadAsistencial","text":{"status":"generated","div":"<div xmlns=\"http://www.w3.org/1999/xhtml\"><p>This case-sensitive code system <code>https://interoperabilidad.minsal.cl/fhir/ig/snre/CodeSystem/CSUnidadAsistencial</code> defines the following codes:</p><table class=\"codes\"><tr><td style=\"white-space:nowrap\"><b>Code</b></td><td><b>Display</b></td></tr><tr><td style=\"white-space:nowrap\">mililitro<a name=\"CSUnidadAsistencial-mililitro\"> </a></td><td>Mililitro</td></tr><tr><td style=\"white-space:nowrap\">comprimido<a name=\"CSUnidadAsistencial-comprimido\"> </a></td><td>Comprimido</td></tr><tr><td style=\"white-space:nowrap\">miligramo<a name=\"CSUnidadAsistencial-miligramo\"> </a></td><td>Miligramo</td></tr><tr><td style=\"white-space:nowrap\">unidades<a name=\"CSUnidadAsistencial-unidades\"> </a></td><td>Unidades</td></tr><tr><td style=\"white-space:nowrap\">capsula<a name=\"CSUnidadAsistencial-capsula\"> </a></td><td>Cápsula</td></tr><tr><td style=\"white-space:nowrap\">aplicacion<a name=\"CSUnidadAsistencial-aplicacion\"> </a></td><td>Aplicación</td></tr><tr><td style=\"white-space:nowrap\">supositorio<a name=\"CSUnidadAsistencial-supositorio\"> </a></td><td>Supositorio</td></tr><tr><td style=\"white-space:nowrap\">ampolla<a name=\"CSUnidadAsistencial-ampolla\"> </a></td><td>Ampolla</td></tr><tr><td style=\"white-space:nowrap\">sobre<a name=\"CSUnidadAsistencial-sobre\"> </a></td><td>Sobre</td></tr><tr><td style=\"white-space:nowrap\">gotas<a name=\"CSUnidadAsistencial-gotas\"> </a></td><td>Gotas</td></tr><tr><td style=\"white-space:nowrap\">dosis<a name=\"CSUnidadAsistencial-dosis\"> </a></td><td>Dosis</td></tr><tr><td style=\"white-space:nowrap\">aposito<a name=\"CSUnidadAsistencial-aposito\"> </a></td><td>Apósito</td></tr><tr><td style=\"white-space:nowrap\">parche<a name=\"CSUnidadAsistencial-parche\"> </a></td><td>Parche</td></tr><tr><td style=\"white-space:nowrap\">microgramo<a name=\"CSUnidadAsistencial-microgramo\"> </a></td><td>Microgramo</td></tr><tr><td style=\"white-space:nowrap\">frasco<a name=\"CSUnidadAsistencial-frasco\"> </a></td><td>Frasco</td></tr><tr><td style=\"white-space:nowrap\">unidades-internacionales<a name=\"CSUnidadAsistencial-unidades-internacionales\"> </a></td><td>Unidades Internacionales</td></tr><tr><td style=\"white-space:nowrap\">puff<a name=\"CSUnidadAsistencial-puff\"> </a></td><td>Puff</td></tr><tr><td style=\"white-space:nowrap\">bidon<a name=\"CSUnidadAsistencial-bidon\"> </a></td><td>Bidón</td></tr><tr><td style=\"white-space:nowrap\">bolsa<a name=\"CSUnidadAsistencial-bolsa\"> </a></td><td>Bolsa</td></tr><tr><td style=\"white-space:nowrap\">gramo<a name=\"CSUnidadAsistencial-gramo\"> </a></td><td>Gramo</td></tr><tr><td style=\"white-space:nowrap\">dispositivo<a name=\"CSUnidadAsistencial-dispositivo\"> </a></td><td>Dispositivo</td></tr><tr><td style=\"white-space:nowrap\">ovulo<a name=\"CSUnidadAsistencial-ovulo\"> </a></td><td>Óvulo</td></tr><tr><td style=\"white-space:nowrap\">vial<a name=\"CSUnidadAsistencial-vial\"> </a></td><td>Vial</td></tr><tr><td style=\"white-space:nowrap\">implante<a name=\"CSUnidadAsistencial-implante\"> </a></td><td>Implante</td></tr><tr><td style=\"white-space:nowrap\">anillo-vaginal<a name=\"CSUnidadAsistencial-anillo-vaginal\"> </a></td><td>Anillo Vaginal</td></tr><tr><td style=\"white-space:nowrap\">chicle<a name=\"CSUnidadAsistencial-chicle\"> </a></td><td>Chicle</td></tr><tr><td style=\"white-space:nowrap\">tarro<a name=\"CSUnidadAsistencial-tarro\"> </a></td><td>Tarro</td></tr><tr><td style=\"white-space:nowrap\">aplicador<a name=\"CSUnidadAsistencial-aplicador\"> </a></td><td>Aplicador</td></tr><tr><td style=\"white-space:nowrap\">jeringa-prellenada<a name=\"CSUnidadAsistencial-jeringa-prellenada\"> </a></td><td>Jeringa Prellenada</td></tr><tr><td style=\"white-space:nowrap\">gragea<a name=\"CSUnidadAsistencial-gragea\"> </a></td><td>Gragea</td></tr><tr><td style=\"white-space:nowrap\">cartucho<a name=\"CSUnidadAsistencial-cartucho\"> </a></td><td>Cartucho</td></tr><tr><td style=\"white-space:nowrap\">globulo<a name=\"CSUnidadAsistencial-globulo\"> </a></td><td>Glóbulo</td></tr></table></div>"},"url":"https://interoperabilidad.minsal.cl/fhir/ig/snre/CodeSystem/CSUnidadAsistencial","version":"0.9.6","name":"CSUnidadAsistencial","title":"Unidad Asistencial","status":"active","experimental":false,"date":"2022-01-18T00:00:00-03:00","publisher":"Unidad de Interoperabilidad - MINSAL","contact":[{"name":"Unidad de Interoperabilidad - MINSAL","telecom":[{"system":"url","value":"https://interoperabilidad.minsal.cl"}]}],"description":"Unidad para dosificar","jurisdiction":[{"coding":[{"system":"urn:iso:std:iso:3166","code":"CL","display":"Chile"}]}],"caseSensitive":true,"content":"complete","count":32,"concept":[{"code":"mililitro","display":"Mililitro"},{"code":"comprimido","display":"Comprimido"},{"code":"miligramo","display":"Miligramo"},{"code":"unidades","display":"Unidades"},{"code":"capsula","display":"Cápsula"},{"code":"aplicacion","display":"Aplicación"},{"code":"supositorio","display":"Supositorio"},{"code":"ampolla","display":"Ampolla"},{"code":"sobre","display":"Sobre"},{"code":"gotas","display":"Gotas"},{"code":"dosis","display":"Dosis"},{"code":"aposito","display":"Apósito"},{"code":"parche","display":"Parche"},{"code":"microgramo","display":"Microgramo"},{"code":"frasco","display":"Frasco"},{"code":"unidades-internacionales","display":"Unidades Internacionales"},{"code":"puff","display":"Puff"},{"code":"bidon","display":"Bidón"},{"code":"bolsa","display":"Bolsa"},{"code":"gramo","display":"Gramo"},{"code":"dispositivo","display":"Dispositivo"},{"code":"ovulo","display":"Óvulo"},{"code":"vial","display":"Vial"},{"code":"implante","display":"Implante"},{"code":"anillo-vaginal","display":"Anillo Vaginal"},{"code":"chicle","display":"Chicle"},{"code":"tarro","display":"Tarro"},{"code":"aplicador","display":"Aplicador"},{"code":"jeringa-prellenada","display":"Jeringa Prellenada"},{"code":"gragea","display":"Gragea"},{"code":"cartucho","display":"Cartucho"},{"code":"globulo","display":"Glóbulo"}]}