{"resourceType":"CodeSystem","id":"CSFuncionProfesionalDispensacion","text":{"status":"generated","div":"<div xmlns=\"http://www.w3.org/1999/xhtml\"><p>This case-sensitive code system <code>https://rme.hl7chile.cl/CodeSystem/CSFuncionProfesionalDispensacion</code> defines the following codes:</p><table class=\"codes\"><tr><td style=\"white-space:nowrap\"><b>Code</b></td></tr><tr><td style=\"white-space:nowrap\">Dispensador<a name=\"CSFuncionProfesionalDispensacion-Dispensador\"> </a></td></tr><tr><td style=\"white-space:nowrap\">Validador<a name=\"CSFuncionProfesionalDispensacion-Validador\"> </a></td></tr></table></div>"},"url":"https://rme.hl7chile.cl/CodeSystem/CSFuncionProfesionalDispensacion","version":"0.9.2","name":"CSFuncionProfesionalDispensacion","title":"Funcion del Personal","status":"active","experimental":false,"date":"2022-01-18T00:00:00-03:00","contact":[{"name":"HL7 Chile","telecom":[{"system":"email","value":"chair@hl7chile.cl"}]}],"description":"Funcion del Personal. Puede ser Dispensador o Validador","jurisdiction":[{"coding":[{"system":"urn:iso:std:iso:3166","code":"CL","display":"Chile"}]}],"caseSensitive":true,"content":"complete","count":2,"concept":[{"code":"Dispensador","display":"Dispensador"},{"code":"Validador","display":"Validador"}]}