{"resourceType":"ImplementationGuide","id":"hl7.fhir.cl.RecetaCH","text":{"status":"extensions","div":"<div xmlns=\"http://www.w3.org/1999/xhtml\"><h2>RecetaCL</h2><p>The official URL for this implementation guide is: </p><pre>http://minsal.cl/fhir/core/ImplementationGuide/hl7.fhir.cl.RecetaCH</pre><div><p>Guía de Implementación para los perfiles de Receta complementarios a los de CORE Nacional, para su uso en Recete Electrónica Nacional. Esta Guía se encuentra aún en proceso de creación por lo que esta versión esta sujeta a observaciones y cambios. Aquellos implementadores que tengan acceso a ella se les sugiere desarrollar comentarios para su mejora)</p>\n</div></div>"},"url":"http://minsal.cl/fhir/core/ImplementationGuide/hl7.fhir.cl.RecetaCH","version":"0.752 (Proceso de Ballot Pendiente)","name":"RecetaCL","title":"Guía de Implementación Receta-CL","status":"draft","date":"2021-07","contact":[{"name":"Pablo Pizzaro","telecom":[{"system":"email","value":"mailto:ppizarro.delgado@minsal.cl"}]}],"description":"Guía de Implementación para los perfiles de Receta complementarios a los de CORE Nacional, para su uso en Recete Electrónica Nacional. Esta Guía se encuentra aún en proceso de creación por lo que esta versión esta sujeta a observaciones y cambios. Aquellos implementadores que tengan acceso a ella se les sugiere desarrollar comentarios para su mejora)","jurisdiction":[{"coding":[{"system":"urn:iso:std:iso:3166","code":"CL","display":"Chile"}]}],"packageId":"hl7.fhir.cl.RecetaCH","license":"CC0-1.0","fhirVersion":["4.0.1"],"definition":{"extension":[{"extension":[{"url":"code","valueString":"copyrightyear"},{"url":"value","valueString":"2020+"}],"url":"http://hl7.org/fhir/tools/StructureDefinition/ig-parameter"},{"extension":[{"url":"code","valueString":"releaselabel"},{"url":"value","valueString":"ci-build"}],"url":"http://hl7.org/fhir/tools/StructureDefinition/ig-parameter"},{"extension":[{"url":"code","valueString":"apply-publisher"},{"url":"value","valueString":"true"}],"url":"http://hl7.org/fhir/tools/StructureDefinition/ig-parameter"},{"extension":[{"url":"code","valueString":"apply-contact"},{"url":"value","valueString":"true"}],"url":"http://hl7.org/fhir/tools/StructureDefinition/ig-parameter"},{"extension":[{"url":"code","valueString":"show-inherited-invariants"},{"url":"value","valueString":"false"}],"url":"http://hl7.org/fhir/tools/StructureDefinition/ig-parameter"},{"extension":[{"url":"code","valueString":"autoload-resources"},{"url":"value","valueString":"true"}],"url":"http://hl7.org/fhir/tools/StructureDefinition/ig-parameter"},{"extension":[{"url":"code","valueString":"path-liquid"},{"url":"value","valueString":"template/liquid"}],"url":"http://hl7.org/fhir/tools/StructureDefinition/ig-parameter"},{"extension":[{"url":"code","valueString":"path-liquid"},{"url":"value","valueString":"input/liquid"}],"url":"http://hl7.org/fhir/tools/StructureDefinition/ig-parameter"},{"extension":[{"url":"code","valueString":"path-qa"},{"url":"value","valueString":"temp/qa"}],"url":"http://hl7.org/fhir/tools/StructureDefinition/ig-parameter"},{"extension":[{"url":"code","valueString":"path-temp"},{"url":"value","valueString":"temp/pages"}],"url":"http://hl7.org/fhir/tools/StructureDefinition/ig-parameter"},{"extension":[{"url":"code","valueString":"path-output"},{"url":"value","valueString":"output"}],"url":"http://hl7.org/fhir/tools/StructureDefinition/ig-parameter"},{"extension":[{"url":"code","valueString":"path-suppressed-warnings"},{"url":"value","valueString":"input/ignoreWarnings.txt"}],"url":"http://hl7.org/fhir/tools/StructureDefinition/ig-parameter"},{"extension":[{"url":"code","valueString":"path-history"},{"url":"value","valueString":"http://minsal.cl/fhir/core/history.html"}],"url":"http://hl7.org/fhir/tools/StructureDefinition/ig-parameter"},{"extension":[{"url":"code","valueString":"template-html"},{"url":"value","valueString":"template-page.html"}],"url":"http://hl7.org/fhir/tools/StructureDefinition/ig-parameter"},{"extension":[{"url":"code","valueString":"template-md"},{"url":"value","valueString":"template-page-md.html"}],"url":"http://hl7.org/fhir/tools/StructureDefinition/ig-parameter"},{"extension":[{"url":"code","valueString":"apply-context"},{"url":"value","valueString":"true"}],"url":"http://hl7.org/fhir/tools/StructureDefinition/ig-parameter"},{"extension":[{"url":"code","valueString":"apply-copyright"},{"url":"value","valueString":"true"}],"url":"http://hl7.org/fhir/tools/StructureDefinition/ig-parameter"},{"extension":[{"url":"code","valueString":"apply-jurisdiction"},{"url":"value","valueString":"true"}],"url":"http://hl7.org/fhir/tools/StructureDefinition/ig-parameter"},{"extension":[{"url":"code","valueString":"apply-license"},{"url":"value","valueString":"true"}],"url":"http://hl7.org/fhir/tools/StructureDefinition/ig-parameter"},{"extension":[{"url":"code","valueString":"apply-version"},{"url":"value","valueString":"true"}],"url":"http://hl7.org/fhir/tools/StructureDefinition/ig-parameter"},{"extension":[{"url":"code","valueString":"active-tables"},{"url":"value","valueString":"true"}],"url":"http://hl7.org/fhir/tools/StructureDefinition/ig-parameter"}],"grouping":[{"id":"-str-profile","name":"Structures: Resource Profiles","description":"These define constraints on FHIR resources for systems conforming to this implementation guide"},{"id":"-str-extension","name":"Structures: Extension Definitions","description":"These define constraints on FHIR data types for systems conforming to this implementation guide"},{"id":"-ex-example","name":"Example: Example Instances","description":"These are example instances that show what data produced and consumed by systems conforming with this implementation guide might look like"}],"resource":[{"extension":[{"url":"http://hl7.org/fhir/StructureDefinition/implementationguide-page","valueUri":"StructureDefinition-DispensacionMedicamentoCl.html"}],"reference":{"reference":"StructureDefinition/DispensacionMedicamentoCl"},"name":"Dispensación_CL","description":"Este Perfil ha sido desarrollado para cubrir las necesidades del Caso de Uso de Receta Electrónica desde la visión de la TFC que se usará para poder manejar farmacos ya registrados, y que deberán ser consultados por los prestadores a la hora de prescribir alguno.","exampleBoolean":false,"groupingId":"-str-profile"},{"extension":[{"url":"http://hl7.org/fhir/StructureDefinition/implementationguide-page","valueUri":"StructureDefinition-RecetaCl.html"}],"reference":{"reference":"StructureDefinition/RecetaCl"},"name":"Receta_CL","description":"Este Perfil usa este recurso como un contenedor de Prescripciones para poder ser usadas como formato de Receta electrónica con los farmacos indicados por el clínico durante un acto médico.","exampleBoolean":false,"groupingId":"-str-profile"},{"extension":[{"url":"http://hl7.org/fhir/StructureDefinition/implementationguide-page","valueUri":"StructureDefinition-RecetaPrescripcionCl.html"}],"reference":{"reference":"StructureDefinition/RecetaPrescripcionCl"},"name":"Prescripción_CL","description":"Este Perfil describe la información contenida en la Prescripción de un medicamento para la Receta Electrónica Nacional del MINSAL","exampleBoolean":false,"groupingId":"-str-profile"},{"extension":[{"url":"http://hl7.org/fhir/StructureDefinition/implementationguide-page","valueUri":"StructureDefinition-Prod-Comercial.html"}],"reference":{"reference":"StructureDefinition/Prod-Comercial"},"name":"Prod_Comercial","description":"Recomendación de Medicamento en Producto Comercial","exampleBoolean":false,"groupingId":"-str-extension"},{"extension":[{"url":"http://hl7.org/fhir/StructureDefinition/implementationguide-page","valueUri":"MedicationDispense-DispensacionMedicamentoCL.html"}],"reference":{"reference":"MedicationDispense/DispensacionMedicamentoCL"},"name":"Ejemplo de la dispensacion del Medicamento Oxycodone Via Oral","exampleCanonical":"http://minsal.cl/fhir/core/StructureDefinition/DispensacionMedicamentoCl","groupingId":"-ex-example"},{"extension":[{"url":"http://hl7.org/fhir/StructureDefinition/implementationguide-page","valueUri":"MedicationDispense-DispensacionMedicamentoCL-2.html"}],"reference":{"reference":"MedicationDispense/DispensacionMedicamentoCL-2"},"name":"Ejemplo de la dispensacion del Medicamento Kitadol 500mg","exampleCanonical":"http://minsal.cl/fhir/core/StructureDefinition/DispensacionMedicamentoCl","groupingId":"-ex-example"},{"extension":[{"url":"http://hl7.org/fhir/StructureDefinition/implementationguide-page","valueUri":"RequestGroup-EjemploRecetaCL.html"}],"reference":{"reference":"RequestGroup/EjemploRecetaCL"},"name":"Ejemplo de Recurso de una receta completa","exampleCanonical":"http://minsal.cl/fhir/core/StructureDefinition/RecetaCl","groupingId":"-ex-example"},{"extension":[{"url":"http://hl7.org/fhir/StructureDefinition/implementationguide-page","valueUri":"RequestGroup-EjemploRecetaCL-2.html"}],"reference":{"reference":"RequestGroup/EjemploRecetaCL-2"},"name":"Ejemplo de Recurso de una receta con solo un fármaco prescrito, Paracetamol 500mg","exampleCanonical":"http://minsal.cl/fhir/core/StructureDefinition/RecetaCl","groupingId":"-ex-example"},{"extension":[{"url":"http://hl7.org/fhir/StructureDefinition/implementationguide-page","valueUri":"MedicationRequest-PrescripcionRecetaCL.html"}],"reference":{"reference":"MedicationRequest/PrescripcionRecetaCL"},"name":"Ejemplo Prescripción de Medicamento Oxycodone Via Oral, una o dos tabletas al día cada 4 o 6 horas, para una solicitud segun necesidad con pre-condiciones","exampleCanonical":"http://minsal.cl/fhir/core/StructureDefinition/RecetaPrescripcionCl","groupingId":"-ex-example"},{"extension":[{"url":"http://hl7.org/fhir/StructureDefinition/implementationguide-page","valueUri":"MedicationRequest-PrescripcionRecetaCL-2.html"}],"reference":{"reference":"MedicationRequest/PrescripcionRecetaCL-2"},"name":"Ejemplo de Prescripción de Hidroclorotizida + Valsartán, Prescrito dos veces al día Vía Oral, tragándoselo","exampleCanonical":"http://minsal.cl/fhir/core/StructureDefinition/RecetaPrescripcionCl","groupingId":"-ex-example"}],"page":{"nameUrl":"toc.html","title":"Table of Contents","generation":"html","page":[{"nameUrl":"index.html","title":"Home","generation":"markdown"},{"nameUrl":"Alcances-Objetivos.html","title":"Alcances Objetivos","generation":"markdown"},{"nameUrl":"casos.html","title":"Casos","generation":"markdown"},{"nameUrl":"operaciones.html","title":"Operaciones","generation":"markdown"},{"nameUrl":"artifacts.html","title":"Resumen de artefactos","generation":"html","page":[{"nameUrl":"StructureDefinition-DispensacionMedicamentoCl.html","title":"Dispensación_CL","generation":"generated"},{"nameUrl":"StructureDefinition-RecetaCl.html","title":"Receta_CL","generation":"generated"},{"nameUrl":"StructureDefinition-RecetaPrescripcionCl.html","title":"Prescripción_CL","generation":"generated"},{"nameUrl":"StructureDefinition-Prod-Comercial.html","title":"Prod_Comercial","generation":"generated"},{"nameUrl":"MedicationDispense-DispensacionMedicamentoCL.html","title":"Ejemplo de la dispensacion del Medicamento Oxycodone Via Oral","generation":"generated"},{"nameUrl":"MedicationDispense-DispensacionMedicamentoCL-2.html","title":"Ejemplo de la dispensacion del Medicamento Kitadol 500mg","generation":"generated"},{"nameUrl":"RequestGroup-EjemploRecetaCL.html","title":"Ejemplo de Recurso de una receta completa","generation":"generated"},{"nameUrl":"RequestGroup-EjemploRecetaCL-2.html","title":"Ejemplo de Recurso de una receta con solo un fármaco prescrito, Paracetamol 500mg","generation":"generated"},{"nameUrl":"MedicationRequest-PrescripcionRecetaCL.html","title":"Ejemplo Prescripción de Medicamento Oxycodone Via Oral, una o dos tabletas al día cada 4 o 6 horas, para una solicitud segun necesidad con pre-condiciones","generation":"generated"},{"nameUrl":"MedicationRequest-PrescripcionRecetaCL-2.html","title":"Ejemplo de Prescripción de Hidroclorotizida + Valsartán, Prescrito dos veces al día Vía Oral, tragándoselo","generation":"generated"}]}]},"parameter":[{"code":"path-resource","value":"input/capabilities"},{"code":"path-resource","value":"input/examples"},{"code":"path-resource","value":"input/extensions"},{"code":"path-resource","value":"input/models"},{"code":"path-resource","value":"input/operations"},{"code":"path-resource","value":"input/profiles"},{"code":"path-resource","value":"input/resources"},{"code":"path-resource","value":"input/vocabulary"},{"code":"path-resource","value":"input/maps"},{"code":"path-resource","value":"input/testing"},{"code":"path-resource","value":"input/history"},{"code":"path-resource","value":"fsh-generated/resources"},{"code":"path-pages","value":"template/config"},{"code":"path-pages","value":"input/images"},{"code":"path-tx-cache","value":"input-cache/txcache"}]}}