{"resourceType":"ValueSet","id":"VSViasAdmin","text":{"status":"generated","div":"<div xmlns=\"http://www.w3.org/1999/xhtml\"><ul><li>Include all codes defined in <a href=\"CodeSystem-CSViasAdmin.html\"><code>https://rme.hl7chile.cl/CodeSystem/CSViasAdmin</code></a></li></ul></div>"},"url":"https://rme.hl7chile.cl/ValueSet/VSViasAdmin","version":"0.9.1","name":"VSViasAdmin","title":"Vías de Administración","status":"active","experimental":false,"date":"2022-01-18T00:00:00-03:00","contact":[{"name":"HL7 Chile","telecom":[{"system":"email","value":"chair@hl7chile.cl"}]}],"description":"Vías de Administración de SNOMED-CT utilizadas para el Sistema Nacional de Receta Electrónica","jurisdiction":[{"coding":[{"system":"urn:iso:std:iso:3166","code":"CL","display":"Chile"}]}],"compose":{"include":[{"system":"https://rme.hl7chile.cl/CodeSystem/CSViasAdmin"}]}}