{"resourceType":"ValueSet","id":"VSCodificacionPatron","text":{"status":"generated","div":"<div xmlns=\"http://www.w3.org/1999/xhtml\"><ul><li>Include all codes defined in <a href=\"CodeSystem-CSCodificacionPatron.html\"><code>https://rme.hl7chile.cl/CodeSystem/CSCodificacionPatron</code></a></li></ul></div>"},"url":"https://rme.hl7chile.cl/ValueSet/VSCodificacionPatron","version":"0.9","name":"VSCodificacionPatron","title":"Patrón de la Prescripción","status":"active","date":"2022-01-18T00:00:00-03:00","contact":[{"name":"HL7 Chile","telecom":[{"system":"email","value":"chair@hl7chile.cl"}]}],"description":"Codificación del patrón de administración de una prescripción","jurisdiction":[{"coding":[{"system":"urn:iso:std:iso:3166","code":"CL","display":"Chile"}]}],"compose":{"include":[{"system":"https://rme.hl7chile.cl/CodeSystem/CSCodificacionPatron"}]}}