{"resourceType":"ValueSet","id":"VSTipoPrescripcion","text":{"status":"generated","div":"<div xmlns=\"http://www.w3.org/1999/xhtml\"><ul><li>Include all codes defined in <a href=\"CodeSystem-CSTipoPrescripcion.html\"><code>https://rme.hl7chile.cl/CodeSystem/CSTipoPrescripcion</code></a></li></ul></div>"},"url":"https://rme.hl7chile.cl/ValueSet/VSTipoPrescripcion","version":"0.9","name":"VSTipoPrescripcion","title":"Tipo de Prescripción","status":"active","experimental":false,"date":"2022-01-18T00:00:00-03:00","contact":[{"name":"HL7 Chile","telecom":[{"system":"email","value":"chair@hl7chile.cl"}]}],"description":"Identifica el tipo de Prescripción","jurisdiction":[{"coding":[{"system":"urn:iso:std:iso:3166","code":"CL","display":"Chile"}]}],"compose":{"include":[{"system":"https://rme.hl7chile.cl/CodeSystem/CSTipoPrescripcion"}]}}