{
  "resourceType" : "CodeSystem",
  "id" : "CSMetodos",
  "text" : {
    "status" : "generated",
    "div" : "<div xmlns=\"http://www.w3.org/1999/xhtml\"><p>This case-sensitive code system <code>https://interoperabilidad.minsal.cl/fhir/ig/snre/CodeSystem/CSMetodos</code> defines the following codes:</p><table class=\"codes\"><tr><td style=\"white-space:nowrap\"><b>Code</b></td><td><b>Display</b></td></tr><tr><td style=\"white-space:nowrap\">738991002<a name=\"CSMetodos-738991002\"> </a></td><td>Aplicación (método de administración)</td></tr><tr><td style=\"white-space:nowrap\">740685003<a name=\"CSMetodos-740685003\"> </a></td><td>Inyección (método de administración)</td></tr><tr><td style=\"white-space:nowrap\">738990001<a name=\"CSMetodos-738990001\"> </a></td><td>Administración (método de administración)</td></tr><tr><td style=\"white-space:nowrap\">785900008<a name=\"CSMetodos-785900008\"> </a></td><td>Enjuague o lavado (método de administración)</td></tr><tr><td style=\"white-space:nowrap\">764794000<a name=\"CSMetodos-764794000\"> </a></td><td>Infusión (método de administración)</td></tr><tr><td style=\"white-space:nowrap\">740666001<a name=\"CSMetodos-740666001\"> </a></td><td>Inhalación (método de administración)</td></tr><tr><td style=\"white-space:nowrap\">738994005<a name=\"CSMetodos-738994005\"> </a></td><td>Instilación (método de administración)</td></tr><tr><td style=\"white-space:nowrap\">738993004<a name=\"CSMetodos-738993004\"> </a></td><td>Inserción (método de administración)</td></tr><tr><td style=\"white-space:nowrap\">738996007<a name=\"CSMetodos-738996007\"> </a></td><td>Aerosolización (método de administración)</td></tr><tr><td style=\"white-space:nowrap\">738995006<a name=\"CSMetodos-738995006\"> </a></td><td>Tragar (método de administración)</td></tr><tr><td style=\"white-space:nowrap\">738992009<a name=\"CSMetodos-738992009\"> </a></td><td>Masticar (método de administración)</td></tr><tr><td style=\"white-space:nowrap\">764498003<a name=\"CSMetodos-764498003\"> </a></td><td>Chupar (método de administración)</td></tr><tr><td style=\"white-space:nowrap\">823034001<a name=\"CSMetodos-823034001\"> </a></td><td>Orodispersión (método de administración)</td></tr><tr><td style=\"white-space:nowrap\">827107003<a name=\"CSMetodos-827107003\"> </a></td><td>Implante (método de administración)</td></tr></table></div>"
  },
  "url" : "https://interoperabilidad.minsal.cl/fhir/ig/snre/CodeSystem/CSMetodos",
  "version" : "0.9.8",
  "name" : "CSMetodos",
  "title" : "Métodos de Administración",
  "status" : "active",
  "experimental" : false,
  "date" : "2022-01-18T00:00:00-03:00",
  "publisher" : "Unidad de Interoperabilidad - MINSAL",
  "contact" : [{
    "name" : "Unidad de Interoperabilidad - MINSAL",
    "telecom" : [{
      "system" : "url",
      "value" : "https://interoperabilidad.minsal.cl"
    }]
  }],
  "description" : "Métodos de Administración de SNOMED-CT utilizados para el proyecto de receta electrónica",
  "jurisdiction" : [{
    "coding" : [{
      "system" : "urn:iso:std:iso:3166",
      "code" : "CL",
      "display" : "Chile"
    }]
  }],
  "caseSensitive" : true,
  "content" : "complete",
  "count" : 14,
  "concept" : [{
    "code" : "738991002",
    "display" : "Aplicación (método de administración)"
  },
  {
    "code" : "740685003",
    "display" : "Inyección (método de administración)"
  },
  {
    "code" : "738990001",
    "display" : "Administración (método de administración)"
  },
  {
    "code" : "785900008",
    "display" : "Enjuague o lavado (método de administración)"
  },
  {
    "code" : "764794000",
    "display" : "Infusión (método de administración)"
  },
  {
    "code" : "740666001",
    "display" : "Inhalación (método de administración)"
  },
  {
    "code" : "738994005",
    "display" : "Instilación (método de administración)"
  },
  {
    "code" : "738993004",
    "display" : "Inserción (método de administración)"
  },
  {
    "code" : "738996007",
    "display" : "Aerosolización (método de administración)"
  },
  {
    "code" : "738995006",
    "display" : "Tragar (método de administración)"
  },
  {
    "code" : "738992009",
    "display" : "Masticar (método de administración)"
  },
  {
    "code" : "764498003",
    "display" : "Chupar (método de administración)"
  },
  {
    "code" : "823034001",
    "display" : "Orodispersión (método de administración)"
  },
  {
    "code" : "827107003",
    "display" : "Implante (método de administración)"
  }]
}