{
  "resourceType" : "CodeSystem",
  "id" : "CSCodificacionPatron",
  "text" : {
    "status" : "generated",
    "div" : "<div xmlns=\"http://www.w3.org/1999/xhtml\"><p>This code system <code>https://rme.hl7chile.cl/CodeSystem/CSCodificacionPatron</code> defines the following codes:</p><table class=\"codes\"><tr><td style=\"white-space:nowrap\"><b>Code</b></td><td><b>Display</b></td><td><b>Definition</b></td></tr><tr><td style=\"white-space:nowrap\">continuous<a name=\"CSCodificacionPatron-continuous\"> </a></td><td>Terapia continua a largo plazo</td><td>Una medicación que se espera sea continuada más allá de la presente orden y que el paciente debe tomar a menos que explicitamente se le indique lo contrario</td></tr><tr><td style=\"white-space:nowrap\">acute<a name=\"CSCodificacionPatron-acute\"> </a></td><td>Terapia a corto plazo (aguda)</td><td>Una medicación que se espera que el paciente consuma solo por la duración de la presente orden y no se espera que sea renovada</td></tr><tr><td style=\"white-space:nowrap\">seasonal<a name=\"CSCodificacionPatron-seasonal\"> </a></td><td>Por temporada</td><td>Una medicación que se espera sea usada a tiempo parcial en ciertos momentos del año</td></tr></table></div>"
  },
  "url" : "https://rme.hl7chile.cl/CodeSystem/CSCodificacionPatron",
  "version" : "0.9",
  "name" : "CSCodificacionPatron",
  "title" : "Patrón de la Prescripción",
  "status" : "active",
  "date" : "2022-01-18T00:00:00-03:00",
  "contact" : [{
    "name" : "HL7 Chile",
    "telecom" : [{
      "system" : "email",
      "value" : "chair@hl7chile.cl"
    }]
  }],
  "description" : "Codificación del patrón de administración de una prescripción",
  "jurisdiction" : [{
    "coding" : [{
      "system" : "urn:iso:std:iso:3166",
      "code" : "CL",
      "display" : "Chile"
    }]
  }],
  "content" : "complete",
  "count" : 3,
  "concept" : [{
    "code" : "continuous",
    "display" : "Terapia continua a largo plazo",
    "definition" : "Una medicación que se espera sea continuada más allá de la presente orden y que el paciente debe tomar a menos que explicitamente se le indique lo contrario"
  },
  {
    "code" : "acute",
    "display" : "Terapia a corto plazo (aguda)",
    "definition" : "Una medicación que se espera que el paciente consuma solo por la duración de la presente orden y no se espera que sea renovada"
  },
  {
    "code" : "seasonal",
    "display" : "Por temporada",
    "definition" : "Una medicación que se espera sea usada a tiempo parcial en ciertos momentos del año"
  }]
}