{
  "resourceType": "MedicationRequest",
  "id": "medicationrequest-1",
  "text": {
    "status": "generated",
    "div": "<div xmlns=\"http://www.w3.org/1999/xhtml\"><p><b>Generated Narrative</b></p><p><b>identifier</b>: id: RNCheque-1234</p><p><b>status</b>: active</p><p><b>intent</b>: order</p><p><b>category</b>: <span title=\"Codes: {http://terminology.hl7.org/CodeSystem/medicationrequest-category inpatient}\">Inpatient</span></p><p><b>medication</b>: <a href=\"https://api-receta.minsal.cl/v2/Medication/Medicamento#1028\">https://api-receta.minsal.cl/v2/Medication/Medicamento#1028</a></p><p><b>subject</b>: <a href=\"https://api-receta.minsal.cl/v2/Patient/Paciente#2411224\">Patricio Perez</a></p><p><b>authoredOn</b>: 2021-06-12</p><p><b>requester</b>: <a href=\"https://api-receta.minsal.cl/v2/Practitoner/PRestador#923421\">Cecilia Ampuero</a></p><p><b>groupIdentifier</b>: id: FARM2122-1206211145-11</p><p><b>note</b>: Al paciente se le indicó lo tome 2 veces al día</p><blockquote><p><b>dispenseRequest</b></p><p><b>validityPeriod</b>: 2022-01-12 --&gt; (ongoing)</p><p><b>quantity</b>: 10</p></blockquote></div>"
  },
  "identifier": [
    {
      "system": "https://minsal.cl/portalReceta/prescripciones",
      "value": "RNCheque-1234"
    }
  ],
  "status": "active",
  "intent": "order",
  "category": [
    {
      "coding": [
        {
          "system": "http://terminology.hl7.org/CodeSystem/medicationrequest-category",
          "code": "inpatient"
        }
      ]
    }
  ],
  "medicationReference": {
    "reference": "https://api-receta.minsal.cl/v2/Medication/Medicamento#1028"
  },
  "subject": {
    "reference": "https://api-receta.minsal.cl/v2/Patient/Paciente#2411224",
    "display": "Patricio Perez"
  },
  "authoredOn": "2021-06-12",
  "requester": {
    "reference": "https://api-receta.minsal.cl/v2/Practitoner/PRestador#923421",
    "display": "Cecilia Ampuero"
  },
  "groupIdentifier": {
    "value": "FARM2122-1206211145-11"
  },
  "note": [
    {
      "text": "Al paciente se le indicó lo tome 2 veces al día"
    }
  ],
  "dosageInstruction": [
    {
      "text": "Una tableta cada 12 hrs por 5 días",
      "patientInstruction": "Una tableta al desayuno y otro a la cena",
      "timing": {
        "repeat": {
          "frequency": 1,
          "period": 12,
          "periodUnit": "h"
        }
      },
      "route": {
        "coding": [
          {
            "system": "http://snomed.info/sct",
            "code": "421521009",
            "display": "tragarlo, instrucciones de dosage imperativas (qualifier value)"
          }
        ]
      },
      "doseAndRate": [
        {
          "doseRange": {
            "low": {
              "value": 1,
              "unit": "Tableta"
            }
          }
        }
      ]
    }
  ],
  "dispenseRequest": {
    "validityPeriod": {
      "start": "2022-01-12"
    },
    "quantity": {
      "value": 10
    },
    "expectedSupplyDuration": {
      "value": 5,
      "unit": "días",
      "system": "http://unitsofmeasure.org",
      "code": "d"
    }
  }
}