{
  "resourceType": "MedicationDispense",
  "id": "DispensacionMedicamentoCL",
  "meta": {
    "profile": [
      "http://minsal.cl/fhir/core//StructureDefinition/DispensacionMedicamentoCl"
    ]
  },
  "text": {
    "status": "generated",
    "div": "<div xmlns=\"http://www.w3.org/1999/xhtml\"><p><b>Generated Narrative</b></p><p><b>identifier</b>: id: Dispensacion-001</p><p><b>status</b>: active</p><p><b>statusReason</b>: <span title=\"Codes: {http://minsal.cl/razon-de-no-dispensacion 1123654}\">medicamento agotado</span></p><p><b>medication</b>: <a href=\"https://api-receta.minsal.cl/v2/medication/Med#22353\">https://api-receta.minsal.cl/v2/medication/Med#22353</a></p><p><b>subject</b>: <a href=\"https://api-receta.minsal.cl/v2/Patient/Paciente#2411224\">Patricio Perez</a></p><blockquote><p><b>performer</b></p><p><b>function</b>: <span title=\"Codes: {http://farmaciaLocal.cl/api-R/Tablas/TablaFunc 02}\">Vendedor</span></p><p><b>actor</b>: <a href=\"https://api-receta.minsal.cl/v2/practitioner/Di#14785214\">Juan Bastidas</a></p></blockquote><blockquote><p><b>performer</b></p><p><b>function</b>: <span title=\"Codes: {http://farmaciaLocal.cl/api-R/Tablas/TablaFunc 01}\">Químico Farmaceutico</span></p><p><b>actor</b>: <a href=\"https://api-receta.minsal.cl/v2/practitioner/Di#245993\">Sofia Galindo</a></p></blockquote><p><b>location</b>: <a href=\"https://api-receta.minsal.cl/v2/location/145874\">https://api-receta.minsal.cl/v2/location/145874</a></p><p><b>authorizingPrescription</b>: <a href=\"https://api-receta.minsal.cl/v2/medicationReference/Pres#1321\">https://api-receta.minsal.cl/v2/medicationReference/Pres#1321</a></p><p><b>quantity</b>: 1</p><p><b>whenHandedOver</b>: Jan 10, 2020 5:22:12 PM</p><p><b>note</b>: El medicamento solo se receta en caso de dolor extremo y cuando este persista por mas de 10 dias</p></div>"
  },
  "identifier": [
    {
      "system": "http://minsal.cl/portalReceta/dispensacion",
      "value": "Dispensacion-001"
    }
  ],
  "status": "active",
  "statusReasonCodeableConcept": {
    "coding": [
      {
        "system": "http://minsal.cl/razon-de-no-dispensacion",
        "code": "1123654",
        "display": "medicamento agotado"
      }
    ]
  },
  "medicationReference": {
    "reference": "https://api-receta.minsal.cl/v2/medication/Med#22353"
  },
  "subject": {
    "reference": "https://api-receta.minsal.cl/v2/Patient/Paciente#2411224",
    "display": "Patricio Perez"
  },
  "performer": [
    {
      "function": {
        "coding": [
          {
            "system": "http://farmaciaLocal.cl/api-R/Tablas/TablaFunc",
            "code": "02",
            "display": "Vendedor"
          }
        ]
      },
      "actor": {
        "reference": "https://api-receta.minsal.cl/v2/practitioner/Di#14785214",
        "display": "Juan Bastidas"
      }
    },
    {
      "function": {
        "coding": [
          {
            "system": "http://farmaciaLocal.cl/api-R/Tablas/TablaFunc",
            "code": "01",
            "display": "Químico Farmaceutico"
          }
        ]
      },
      "actor": {
        "reference": "https://api-receta.minsal.cl/v2/practitioner/Di#245993",
        "display": "Sofia Galindo"
      }
    }
  ],
  "location": {
    "reference": "https://api-receta.minsal.cl/v2/location/145874"
  },
  "authorizingPrescription": [
    {
      "reference": "https://api-receta.minsal.cl/v2/medicationReference/Pres#1321"
    }
  ],
  "quantity": {
    "value": 1,
    "system": "http://unitsofmeasure.org"
  },
  "whenHandedOver": "2020-01-10T16:22:12-04:00",
  "note": [
    {
      "text": "El medicamento solo se receta en caso de dolor extremo y cuando este persista por mas de 10 dias"
    }
  ],
  "dosageInstruction": [
    {
      "sequence": 1,
      "text": "una-dos pastillas cada 4-6 horas en caso de aumento de dolor",
      "additionalInstruction": [
        {
          "coding": [
            {
              "system": "http://snomed.info/sct",
              "code": "4189114006",
              "display": "Advertencia. Puede provocar somnolencia. Si le afecta no conduzca ni maneje maquinaria. Evitar las bebidas alcohólicas (valor calificativo)"
            }
          ]
        }
      ],
      "patientInstruction": "Tomar una o dos pastillas cada 4-6 horas en caso de aumento de dolor",
      "timing": {
        "repeat": {
          "frequency": 1,
          "period": 4,
          "periodMax": 6,
          "periodUnit": "h"
        }
      },
      "asNeededCodeableConcept": {
        "coding": [
          {
            "system": "http://snomed.info/sct",
            "code": "297217002",
            "display": "Dolor Renal (finding)"
          }
        ]
      },
      "route": {
        "coding": [
          {
            "system": "http://snomed.info/sct",
            "code": "26643006",
            "display": "Ruta Oral"
          }
        ]
      },
      "method": {
        "coding": [
          {
            "system": "http://snomed.info/sct",
            "code": "421521009",
            "display": "Tragarsela - imperativo contar con información de dosaje (qualifier value)"
          }
        ]
      },
      "doseAndRate": [
        {
          "type": {
            "coding": [
              {
                "system": "http://terminology.hl7.org/CodeSystem/dose-rate-type",
                "code": "ordered",
                "display": "Ordered"
              }
            ]
          },
          "doseRange": {
            "low": {
              "value": 1,
              "unit": "TAB",
              "system": "http://terminology.hl7.org/CodeSystem/v3-orderableDrugForm",
              "code": "TAB"
            },
            "high": {
              "value": 2,
              "unit": "TAB",
              "system": "http://terminology.hl7.org/CodeSystem/v3-orderableDrugForm",
              "code": "TAB"
            }
          }
        }
      ]
    }
  ]
}