{
  "resourceType" : "MedicationDispense",
  "id" : "Ejemplo5-Dispensacion",
  "meta" : {
    "versionId" : "1",
    "lastUpdated" : "2022-08-17T14:16:46.924Z",
    "profile" : ["https://rme.hl7chile.cl/StructureDefinition/DispensacionMedicamentoCl"]
  },
  "text" : {
    "status" : "generated",
    "div" : "<div xmlns=\"http://www.w3.org/1999/xhtml\"><p><b>Generated Narrative: MedicationDispense</b><a name=\"Ejemplo5-Dispensacion\"> </a></p><div style=\"display: inline-block; background-color: #d9e0e7; padding: 6px; margin: 4px; border: 1px solid #8da1b4; border-radius: 5px; line-height: 60%\"><p style=\"margin-bottom: 0px\">Resource MedicationDispense &quot;Ejemplo5-Dispensacion&quot; Version &quot;1&quot; Updated &quot;2022-08-17 14:16:46+0000&quot; </p><p style=\"margin-bottom: 0px\">Profile: <a href=\"StructureDefinition-DispensacionMedicamentoCl.html\">CL Dispensación</a></p></div><p><b>status</b>: completed</p><p><b>medication</b>: <a href=\"Medication-2148351000167115.html\">Medication/2148351000167115: insulatard suspensión inyectable (Novo Nordisk) 1 vial 10 mililitros</a></p><p><b>subject</b>: <a href=\"Patient-Paciente1.html\">Patient/Paciente1: María Carmen de los Angeles Del río</a> &quot; DEL RIO&quot;</p><h3>Performers</h3><table class=\"grid\"><tr><td>-</td><td><b>Function</b></td><td><b>Actor</b></td></tr><tr><td>*</td><td>Dispensador <span style=\"background: LightGoldenRodYellow; margin: 4px; border: 1px solid khaki\"> (<a href=\"CodeSystem-CSFuncionProfesionalDispensacion.html\">Funcion del Personal</a>#Dispensador)</span></td><td><a href=\"Practitioner-Prescriptor1.html\">Practitioner/Prescriptor1: NICOLÁS ALEXIS SOTO DURÁN</a> &quot; SOTO&quot;</td></tr></table><p><b>location</b>: <a href=\"Location-tqo6krppa0gbygu2kkud.html\">Location/tqo6krppa0gbygu2kkud: SALCOBRAND - Local: 73</a> &quot;SALCOBRAND - Local: 73&quot;</p><p><b>authorizingPrescription</b>: <a href=\"MedicationRequest-wbpacdehcs1vyrae3l7m.html\">MedicationRequest/wbpacdehcs1vyrae3l7m</a></p><p><b>quantity</b>: 1</p><p><b>whenHandedOver</b>: 2022-08-20 16:20:35+0000</p><blockquote><p><b>dosageInstruction</b></p><p><b>sequence</b>: 1</p><p><b>text</b>: Administrar 10 - 20 Unidades Internacionales cada 12 horas por 3 días</p><p><b>timing</b>: Do Once per 12 hours</p><p><b>route</b>: vía Oral route (calificador) <span style=\"background: LightGoldenRodYellow; margin: 4px; border: 1px solid khaki\"> (<a href=\"CodeSystem-CSViasAdmin.html\">Vías de Administración</a>#26643006)</span></p><p><b>method</b>: Inyección (método de administración) <span style=\"background: LightGoldenRodYellow; margin: 4px; border: 1px solid khaki\"> (<a href=\"CodeSystem-CSMetodos.html\">Métodos de Administración</a>#740685003)</span></p></blockquote></div>"
  },
  "status" : "completed",
  "medicationReference" : {
    "reference" : "Medication/2148351000167115",
    "display" : "insulatard suspensión inyectable (Novo Nordisk) 1 vial 10 mililitros"
  },
  "subject" : {
    "reference" : "Patient/Paciente1",
    "display" : "María Carmen de los Angeles Del río"
  },
  "performer" : [{
    "function" : {
      "coding" : [{
        "system" : "https://rme.hl7chile.cl/CodeSystem/CSFuncionProfesionalDispensacion",
        "code" : "Dispensador"
      }]
    },
    "actor" : {
      "reference" : "Practitioner/Prescriptor1",
      "display" : "NICOLÁS ALEXIS SOTO DURÁN"
    }
  }],
  "location" : {
    "reference" : "Location/tqo6krppa0gbygu2kkud",
    "display" : "SALCOBRAND - Local: 73"
  },
  "authorizingPrescription" : [{
    "reference" : "MedicationRequest/wbpacdehcs1vyrae3l7m"
  }],
  "quantity" : {
    "value" : 1,
    "system" : "http://unitsofmeasure.org"
  },
  "whenHandedOver" : "2022-08-20T16:20:35.471Z",
  "dosageInstruction" : [{
    "sequence" : 1,
    "text" : "Administrar 10 - 20 Unidades Internacionales cada 12 horas por 3 días",
    "timing" : {
      "repeat" : {
        "boundsDuration" : {
          "value" : 3,
          "system" : "http://unitsofmeasure.org",
          "code" : "d"
        },
        "frequency" : 1,
        "period" : 12,
        "periodUnit" : "h"
      }
    },
    "route" : {
      "coding" : [{
        "system" : "https://rme.hl7chile.cl/CodeSystem/CSViasAdmin",
        "code" : "26643006",
        "display" : "vía Oral route (calificador)"
      }]
    },
    "method" : {
      "coding" : [{
        "system" : "https://rme.hl7chile.cl/CodeSystem/CSMetodos",
        "code" : "740685003",
        "display" : "Inyección (método de administración)"
      }]
    },
    "doseAndRate" : [{
      "doseRange" : {
        "low" : {
          "value" : 10,
          "unit" : "Unidades Internacionales",
          "system" : "https://rme.hl7chile.cl/CodeSystem/CSUnidadAsistencial",
          "code" : "unidades-internacionales"
        },
        "high" : {
          "value" : 20,
          "unit" : "Unidades Internacionales",
          "system" : "https://rme.hl7chile.cl/CodeSystem/CSUnidadAsistencial",
          "code" : "unidades-internacionales"
        }
      }
    }]
  }]
}