{
  "resourceType" : "MedicationRequest",
  "id" : "Ejemplo3-prescipcion",
  "meta" : {
    "profile" : ["https://rme.hl7chile.cl/StructureDefinition/RecetaPrescripcionCl"]
  },
  "text" : {
    "status" : "generated",
    "div" : "<div xmlns=\"http://www.w3.org/1999/xhtml\"><p><b>Generated Narrative: MedicationRequest</b><a name=\"Ejemplo3-prescipcion\"> </a></p><div style=\"display: inline-block; background-color: #d9e0e7; padding: 6px; margin: 4px; border: 1px solid #8da1b4; border-radius: 5px; line-height: 60%\"><p style=\"margin-bottom: 0px\">Resource MedicationRequest &quot;Ejemplo3-prescipcion&quot; </p><p style=\"margin-bottom: 0px\">Profile: <a href=\"StructureDefinition-RecetaPrescripcionCl.html\">CL Prescripción</a></p></div><p><b>status</b>: active</p><p><b>intent</b>: order</p><p><b>category</b>: community <span style=\"background: LightGoldenRodYellow; margin: 4px; border: 1px solid khaki\"> (<a href=\"http://terminology.hl7.org/5.0.0/CodeSystem-medicationrequest-category.html\">MedicationRequest Category Codes</a>#community)</span></p><p><b>medication</b>: <a href=\"Medication-1683511000167113.html\">Medication/1683511000167113: ácido alendrónico 70 mg comprimido y carbonato de calcio 1289 mg (calcio 500 mg) + colecalciferol 400 UI comprimido</a></p><p><b>subject</b>: <a href=\"Patient-Paciente1.html\">Patient/Paciente1: María Carmen de los Angeles Del río</a> &quot; DEL RIO&quot;</p><p><b>requester</b>: <a href=\"Practitioner-3309267.html\">Practitioner/3309267: Maria Carmen De los angeles Del rio Gonzalez</a> &quot; DEL RIO GONZALEZ&quot;</p><p><b>groupIdentifier</b>: id:\u00a051c6bcc8ga342820c9b9</p><p><b>courseOfTherapyType</b>: Terapia continua a largo plazo <span style=\"background: LightGoldenRodYellow; margin: 4px; border: 1px solid khaki\"> (<a href=\"CodeSystem-CSCodificacionPatron.html\">Patrón de la Prescripción</a>#continuous)</span></p><p><b>note</b>: Consumir a primera hora de la mañana, con el estómago vacío. Alimento luego de 1 hora de tomar el medicamento</p><blockquote><p><b>dosageInstruction</b></p><p><b>sequence</b>: 1</p><p><b>text</b>: Administrar 1 Comprimido cada 1 semana por 1 año. Administrar el día Lunes</p><p><b>timing</b>: Once per 1 weeks</p><p><b>route</b>: vía Oral route (calificador) <span style=\"background: LightGoldenRodYellow; margin: 4px; border: 1px solid khaki\"> (<a href=\"CodeSystem-CSViasAdmin.html\">Vías de Administración</a>#26643006)</span></p><p><b>method</b>: Tragar (método de administración) <span style=\"background: LightGoldenRodYellow; margin: 4px; border: 1px solid khaki\"> (<a href=\"CodeSystem-CSMetodos.html\">Métodos de Administración</a>#738995006)</span></p><blockquote><p><b>doseAndRate</b></p></blockquote></blockquote><h3>DispenseRequests</h3><table class=\"grid\"><tr><td style=\"display: none\">-</td><td><b>ValidityPeriod</b></td></tr><tr><td style=\"display: none\">*</td><td>2022-08-20 --&gt; 2023-08-20</td></tr></table></div>"
  },
  "status" : "active",
  "intent" : "order",
  "category" : [{
    "coding" : [{
      "system" : "http://terminology.hl7.org/CodeSystem/medicationrequest-category",
      "code" : "community",
      "display" : "community"
    }]
  }],
  "medicationReference" : {
    "reference" : "Medication/1683511000167113",
    "display" : "ácido alendrónico 70 mg comprimido y carbonato de calcio 1289 mg (calcio 500 mg) + colecalciferol 400 UI comprimido"
  },
  "subject" : {
    "reference" : "Patient/Paciente1",
    "display" : "María Carmen de los Angeles Del río"
  },
  "requester" : {
    "reference" : "Practitioner/3309267",
    "display" : "Maria Carmen De los angeles Del rio Gonzalez"
  },
  "groupIdentifier" : {
    "value" : "51c6bcc8ga342820c9b9"
  },
  "courseOfTherapyType" : {
    "coding" : [{
      "system" : "https://rme.hl7chile.cl/CodeSystem/CSCodificacionPatron",
      "code" : "continuous",
      "display" : "Terapia continua a largo plazo"
    }]
  },
  "note" : [{
    "text" : "Consumir a primera hora de la mañana, con el estómago vacío. Alimento luego de 1 hora de tomar el medicamento"
  }],
  "dosageInstruction" : [{
    "sequence" : 1,
    "text" : "Administrar 1 Comprimido cada 1 semana por 1 año. Administrar el día Lunes",
    "timing" : {
      "repeat" : {
        "boundsDuration" : {
          "value" : 1,
          "system" : "http://unitsofmeasure.org",
          "code" : "a"
        },
        "frequency" : 1,
        "period" : 1,
        "periodUnit" : "wk",
        "dayOfWeek" : ["mon"]
      }
    },
    "route" : {
      "coding" : [{
        "system" : "https://rme.hl7chile.cl/CodeSystem/CSViasAdmin",
        "code" : "26643006",
        "display" : "vía Oral route (calificador)"
      }]
    },
    "method" : {
      "coding" : [{
        "system" : "https://rme.hl7chile.cl/CodeSystem/CSMetodos",
        "code" : "738995006",
        "display" : "Tragar (método de administración)"
      }]
    },
    "doseAndRate" : [{
      "doseQuantity" : {
        "value" : 1,
        "unit" : "Comprimido",
        "system" : "https://rme.hl7chile.cl/CodeSystem/CSUnidadAsistencial",
        "code" : "comprimido"
      }
    }]
  }],
  "dispenseRequest" : {
    "validityPeriod" : {
      "start" : "2022-08-20",
      "end" : "2023-08-20"
    }
  }
}