{
  "resourceType" : "RequestGroup",
  "id" : "Ejemplo6-Receta",
  "meta" : {
    "profile" : ["https://rme.hl7chile.cl/StructureDefinition/RecetaCl"]
  },
  "text" : {
    "status" : "generated",
    "div" : "<div xmlns=\"http://www.w3.org/1999/xhtml\"><p><b>Generated Narrative: RequestGroup</b><a name=\"Ejemplo6-Receta\"> </a></p><div style=\"display: inline-block; background-color: #d9e0e7; padding: 6px; margin: 4px; border: 1px solid #8da1b4; border-radius: 5px; line-height: 60%\"><p style=\"margin-bottom: 0px\">Resource RequestGroup &quot;Ejemplo6-Receta&quot; </p><p style=\"margin-bottom: 0px\">Profile: <a href=\"StructureDefinition-RecetaCl.html\">CL Receta</a></p></div><p><b>basedOn</b>: </p><ul><li><a name=\"Inline-Instance-para-ejemplo6\"> </a></li><li><a name=\"Inline-Instance-para-ejemplo7\"> </a></li></ul><blockquote><p/><p><a name=\"Inline-Instance-para-ejemplo6\"> </a></p><p><b>Identificación de un medicamento bajo su marca comercial</b>: <a href=\"Medication-1965501000167112.html\">Medication/1965501000167112: enalten 10 mg comprimido (Saval)</a></p><p><b>status</b>: active</p><p><b>intent</b>: order</p><p><b>category</b>: community <span style=\"background: LightGoldenRodYellow; margin: 4px; border: 1px solid khaki\"> (<a href=\"http://terminology.hl7.org/3.1.0/CodeSystem-medicationrequest-category.html\">MedicationRequest Category Codes</a>#community)</span></p><p><b>medication</b>: <a href=\"Medication-1669781000167113.html\">Medication/1669781000167113: enalapril 10 mg comprimido</a></p><p><b>subject</b>: <a href=\"Patient-Paciente1.html\">Patient/Paciente1: María Carmen de los Angeles Del río</a> &quot; DEL RIO&quot;</p><p><b>requester</b>: <a href=\"Practitioner-3309267.html\">Practitioner/3309267: Maria Carmen De los angeles Del rio Gonzalez</a> &quot; DEL RIO GONZALEZ&quot;</p><p><b>groupIdentifier</b>: id:\u00a0bcg7g47e8geabbd2590z</p><p><b>courseOfTherapyType</b>: Terapia continua a largo plazo <span style=\"background: LightGoldenRodYellow; margin: 4px; border: 1px solid khaki\"> (<a href=\"CodeSystem-CSCodificacionPatron.html\">Patrón de la Prescripción</a>#continuous)</span></p><blockquote><p><b>dosageInstruction</b></p><p><b>sequence</b>: 1</p><p><b>text</b>: Administrar 1 Comprimido cada 1 día por 1 año</p><p><b>timing</b>: Once per 1 days</p><p><b>route</b>: vía Oral route (calificador) <span style=\"background: LightGoldenRodYellow; margin: 4px; border: 1px solid khaki\"> (<a href=\"CodeSystem-CSViasAdmin.html\">Vías de Administración</a>#26643006)</span></p><p><b>method</b>: Tragar (método de administración) <span style=\"background: LightGoldenRodYellow; margin: 4px; border: 1px solid khaki\"> (<a href=\"CodeSystem-CSMetodos.html\">Métodos de Administración</a>#738995006)</span></p><blockquote><p><b>doseAndRate</b></p></blockquote></blockquote><h3>DispenseRequests</h3><table class=\"grid\"><tr><td style=\"display: none\">-</td><td><b>ValidityPeriod</b></td></tr><tr><td style=\"display: none\">*</td><td>2022-08-19 --&gt; 2023-08-19</td></tr></table></blockquote><blockquote><p/><p><a name=\"Inline-Instance-para-ejemplo7\"> </a></p><p><b>Identificación de un medicamento bajo su marca comercial</b>: <a href=\"Medication-2034171000167114.html\">Medication/2034171000167114: hidroronol T comprimido (ITF - Labomed)</a></p><p><b>status</b>: active</p><p><b>intent</b>: order</p><p><b>category</b>: community <span style=\"background: LightGoldenRodYellow; margin: 4px; border: 1px solid khaki\"> (<a href=\"http://terminology.hl7.org/3.1.0/CodeSystem-medicationrequest-category.html\">MedicationRequest Category Codes</a>#community)</span></p><p><b>medication</b>: <a href=\"Medication-1667741000167112.html\">Medication/1667741000167112: hidroclorotiazida 25 mg + triamtereno 50 mg comprimido</a></p><p><b>subject</b>: <a href=\"Patient-Paciente1.html\">Patient/Paciente1: María Carmen de los Angeles Del río</a> &quot; DEL RIO&quot;</p><p><b>requester</b>: <a href=\"Practitioner-3309267.html\">Practitioner/3309267: Maria Carmen De los angeles Del rio Gonzalez</a> &quot; DEL RIO GONZALEZ&quot;</p><p><b>groupIdentifier</b>: id:\u00a0bcg7g47e8geabbd2590z</p><p><b>courseOfTherapyType</b>: Terapia continua a largo plazo <span style=\"background: LightGoldenRodYellow; margin: 4px; border: 1px solid khaki\"> (<a href=\"CodeSystem-CSCodificacionPatron.html\">Patrón de la Prescripción</a>#continuous)</span></p><p><b>note</b>: Tomar en las mañanas</p><blockquote><p><b>dosageInstruction</b></p><p><b>sequence</b>: 1</p><p><b>text</b>: Administrar 1 Comprimido cada 1 día por 1 año</p><p><b>timing</b>: Once per 1 days</p><p><b>route</b>: vía Oral route (calificador) <span style=\"background: LightGoldenRodYellow; margin: 4px; border: 1px solid khaki\"> (<a href=\"CodeSystem-CSViasAdmin.html\">Vías de Administración</a>#26643006)</span></p><p><b>method</b>: Tragar (método de administración) <span style=\"background: LightGoldenRodYellow; margin: 4px; border: 1px solid khaki\"> (<a href=\"CodeSystem-CSMetodos.html\">Métodos de Administración</a>#738995006)</span></p><blockquote><p><b>doseAndRate</b></p></blockquote></blockquote><h3>DispenseRequests</h3><table class=\"grid\"><tr><td style=\"display: none\">-</td><td><b>ValidityPeriod</b></td></tr><tr><td style=\"display: none\">*</td><td>2022-08-19 --&gt; 2023-08-19</td></tr></table></blockquote><p><b>groupIdentifier</b>: id:\u00a0bcg7g47e8geabbd2590z</p><p><b>status</b>: active</p><p><b>intent</b>: order</p><p><b>subject</b>: <a href=\"Patient-Paciente1.html\">Patient/Paciente1: María Carmen de los Angeles Del río</a> &quot; DEL RIO&quot;</p><p><b>authoredOn</b>: 2022-08-19 19:05:55+0000</p><hr/><blockquote><p><b>Generated Narrative: MedicationRequest #Inline-Instance-para-ejemplo6</b><a name=\"Inline-Instance-para-ejemplo6\"> </a></p><p><b>Identificación de un medicamento bajo su marca comercial</b>: <a href=\"Medication-1965501000167112.html\">Medication/1965501000167112: enalten 10 mg comprimido (Saval)</a></p><p><b>status</b>: active</p><p><b>intent</b>: order</p><p><b>category</b>: community <span style=\"background: LightGoldenRodYellow; margin: 4px; border: 1px solid khaki\"> (<a href=\"http://terminology.hl7.org/3.1.0/CodeSystem-medicationrequest-category.html\">MedicationRequest Category Codes</a>#community)</span></p><p><b>medication</b>: <a href=\"Medication-1669781000167113.html\">Medication/1669781000167113: enalapril 10 mg comprimido</a></p><p><b>subject</b>: <a href=\"Patient-Paciente1.html\">Patient/Paciente1: María Carmen de los Angeles Del río</a> &quot; DEL RIO&quot;</p><p><b>requester</b>: <a href=\"Practitioner-3309267.html\">Practitioner/3309267: Maria Carmen De los angeles Del rio Gonzalez</a> &quot; DEL RIO GONZALEZ&quot;</p><p><b>groupIdentifier</b>: id:\u00a0bcg7g47e8geabbd2590z</p><p><b>courseOfTherapyType</b>: Terapia continua a largo plazo <span style=\"background: LightGoldenRodYellow; margin: 4px; border: 1px solid khaki\"> (<a href=\"CodeSystem-CSCodificacionPatron.html\">Patrón de la Prescripción</a>#continuous)</span></p><blockquote><p><b>dosageInstruction</b></p><p><b>sequence</b>: 1</p><p><b>text</b>: Administrar 1 Comprimido cada 1 día por 1 año</p><p><b>timing</b>: Once per 1 days</p><p><b>route</b>: vía Oral route (calificador) <span style=\"background: LightGoldenRodYellow; margin: 4px; border: 1px solid khaki\"> (<a href=\"CodeSystem-CSViasAdmin.html\">Vías de Administración</a>#26643006)</span></p><p><b>method</b>: Tragar (método de administración) <span style=\"background: LightGoldenRodYellow; margin: 4px; border: 1px solid khaki\"> (<a href=\"CodeSystem-CSMetodos.html\">Métodos de Administración</a>#738995006)</span></p><blockquote><p><b>doseAndRate</b></p></blockquote></blockquote><h3>DispenseRequests</h3><table class=\"grid\"><tr><td style=\"display: none\">-</td><td><b>ValidityPeriod</b></td></tr><tr><td style=\"display: none\">*</td><td>2022-08-19 --&gt; 2023-08-19</td></tr></table></blockquote><hr/><blockquote><p><b>Generated Narrative: MedicationRequest #Inline-Instance-para-ejemplo7</b><a name=\"Inline-Instance-para-ejemplo7\"> </a></p><p><b>Identificación de un medicamento bajo su marca comercial</b>: <a href=\"Medication-2034171000167114.html\">Medication/2034171000167114: hidroronol T comprimido (ITF - Labomed)</a></p><p><b>status</b>: active</p><p><b>intent</b>: order</p><p><b>category</b>: community <span style=\"background: LightGoldenRodYellow; margin: 4px; border: 1px solid khaki\"> (<a href=\"http://terminology.hl7.org/3.1.0/CodeSystem-medicationrequest-category.html\">MedicationRequest Category Codes</a>#community)</span></p><p><b>medication</b>: <a href=\"Medication-1667741000167112.html\">Medication/1667741000167112: hidroclorotiazida 25 mg + triamtereno 50 mg comprimido</a></p><p><b>subject</b>: <a href=\"Patient-Paciente1.html\">Patient/Paciente1: María Carmen de los Angeles Del río</a> &quot; DEL RIO&quot;</p><p><b>requester</b>: <a href=\"Practitioner-3309267.html\">Practitioner/3309267: Maria Carmen De los angeles Del rio Gonzalez</a> &quot; DEL RIO GONZALEZ&quot;</p><p><b>groupIdentifier</b>: id:\u00a0bcg7g47e8geabbd2590z</p><p><b>courseOfTherapyType</b>: Terapia continua a largo plazo <span style=\"background: LightGoldenRodYellow; margin: 4px; border: 1px solid khaki\"> (<a href=\"CodeSystem-CSCodificacionPatron.html\">Patrón de la Prescripción</a>#continuous)</span></p><p><b>note</b>: Tomar en las mañanas</p><blockquote><p><b>dosageInstruction</b></p><p><b>sequence</b>: 1</p><p><b>text</b>: Administrar 1 Comprimido cada 1 día por 1 año</p><p><b>timing</b>: Once per 1 days</p><p><b>route</b>: vía Oral route (calificador) <span style=\"background: LightGoldenRodYellow; margin: 4px; border: 1px solid khaki\"> (<a href=\"CodeSystem-CSViasAdmin.html\">Vías de Administración</a>#26643006)</span></p><p><b>method</b>: Tragar (método de administración) <span style=\"background: LightGoldenRodYellow; margin: 4px; border: 1px solid khaki\"> (<a href=\"CodeSystem-CSMetodos.html\">Métodos de Administración</a>#738995006)</span></p><blockquote><p><b>doseAndRate</b></p></blockquote></blockquote><h3>DispenseRequests</h3><table class=\"grid\"><tr><td style=\"display: none\">-</td><td><b>ValidityPeriod</b></td></tr><tr><td style=\"display: none\">*</td><td>2022-08-19 --&gt; 2023-08-19</td></tr></table></blockquote></div>"
  },
  "contained" : [{
    "resourceType" : "MedicationRequest",
    "id" : "Inline-Instance-para-ejemplo6",
    "meta" : {
      "profile" : ["https://rme.hl7chile.cl/StructureDefinition/RecetaPrescripcionCl"]
    },
    "extension" : [{
      "url" : "https://rme.hl7chile.cl/StructureDefinition/ProdComercial",
      "valueReference" : {
        "reference" : "Medication/1965501000167112",
        "display" : "enalten 10 mg comprimido (Saval)"
      }
    }],
    "status" : "active",
    "intent" : "order",
    "category" : [{
      "coding" : [{
        "system" : "http://terminology.hl7.org/CodeSystem/medicationrequest-category",
        "code" : "community",
        "display" : "community"
      }]
    }],
    "medicationReference" : {
      "reference" : "Medication/1669781000167113",
      "display" : "enalapril 10 mg comprimido"
    },
    "subject" : {
      "reference" : "Patient/Paciente1",
      "display" : "María Carmen de los Angeles Del río"
    },
    "requester" : {
      "reference" : "Practitioner/3309267",
      "display" : "Maria Carmen De los angeles Del rio Gonzalez"
    },
    "groupIdentifier" : {
      "value" : "bcg7g47e8geabbd2590z"
    },
    "courseOfTherapyType" : {
      "coding" : [{
        "system" : "https://rme.hl7chile.cl/CodeSystem/CSCodificacionPatron",
        "code" : "continuous",
        "display" : "Terapia continua a largo plazo"
      }]
    },
    "dosageInstruction" : [{
      "sequence" : 1,
      "text" : "Administrar 1 Comprimido cada 1 día por 1 año",
      "timing" : {
        "repeat" : {
          "boundsDuration" : {
            "value" : 1,
            "system" : "http://unitsofmeasure.org",
            "code" : "a"
          },
          "frequency" : 1,
          "period" : 1,
          "periodUnit" : "d"
        }
      },
      "route" : {
        "coding" : [{
          "system" : "https://rme.hl7chile.cl/CodeSystem/CSViasAdmin",
          "code" : "26643006",
          "display" : "vía Oral route (calificador)"
        }]
      },
      "method" : {
        "coding" : [{
          "system" : "https://rme.hl7chile.cl/CodeSystem/CSMetodos",
          "code" : "738995006",
          "display" : "Tragar (método de administración)"
        }]
      },
      "doseAndRate" : [{
        "doseQuantity" : {
          "value" : 1,
          "unit" : "Comprimido",
          "system" : "https://rme.hl7chile.cl/CodeSystem/CSUnidadAsistencial",
          "code" : "comprimido"
        }
      }]
    }],
    "dispenseRequest" : {
      "validityPeriod" : {
        "start" : "2022-08-19",
        "end" : "2023-08-19"
      }
    }
  },
  {
    "resourceType" : "MedicationRequest",
    "id" : "Inline-Instance-para-ejemplo7",
    "meta" : {
      "profile" : ["https://rme.hl7chile.cl/StructureDefinition/RecetaPrescripcionCl"]
    },
    "extension" : [{
      "url" : "https://rme.hl7chile.cl/StructureDefinition/ProdComercial",
      "valueReference" : {
        "reference" : "Medication/2034171000167114",
        "display" : "hidroronol T comprimido (ITF - Labomed)"
      }
    }],
    "status" : "active",
    "intent" : "order",
    "category" : [{
      "coding" : [{
        "system" : "http://terminology.hl7.org/CodeSystem/medicationrequest-category",
        "code" : "community",
        "display" : "community"
      }]
    }],
    "medicationReference" : {
      "reference" : "Medication/1667741000167112",
      "display" : "hidroclorotiazida 25 mg + triamtereno 50 mg comprimido"
    },
    "subject" : {
      "reference" : "Patient/Paciente1",
      "display" : "María Carmen de los Angeles Del río"
    },
    "requester" : {
      "reference" : "Practitioner/3309267",
      "display" : "Maria Carmen De los angeles Del rio Gonzalez"
    },
    "groupIdentifier" : {
      "value" : "bcg7g47e8geabbd2590z"
    },
    "courseOfTherapyType" : {
      "coding" : [{
        "system" : "https://rme.hl7chile.cl/CodeSystem/CSCodificacionPatron",
        "code" : "continuous",
        "display" : "Terapia continua a largo plazo"
      }]
    },
    "note" : [{
      "text" : "Tomar en las mañanas"
    }],
    "dosageInstruction" : [{
      "sequence" : 1,
      "text" : "Administrar 1 Comprimido cada 1 día por 1 año",
      "timing" : {
        "repeat" : {
          "boundsDuration" : {
            "value" : 1,
            "system" : "http://unitsofmeasure.org",
            "code" : "a"
          },
          "frequency" : 1,
          "period" : 1,
          "periodUnit" : "d"
        }
      },
      "route" : {
        "coding" : [{
          "system" : "https://rme.hl7chile.cl/CodeSystem/CSViasAdmin",
          "code" : "26643006",
          "display" : "vía Oral route (calificador)"
        }]
      },
      "method" : {
        "coding" : [{
          "system" : "https://rme.hl7chile.cl/CodeSystem/CSMetodos",
          "code" : "738995006",
          "display" : "Tragar (método de administración)"
        }]
      },
      "doseAndRate" : [{
        "doseQuantity" : {
          "value" : 1,
          "unit" : "Comprimido",
          "system" : "https://rme.hl7chile.cl/CodeSystem/CSUnidadAsistencial",
          "code" : "comprimido"
        }
      }]
    }],
    "dispenseRequest" : {
      "validityPeriod" : {
        "start" : "2022-08-19",
        "end" : "2023-08-19"
      }
    }
  }],
  "basedOn" : [{
    "reference" : "#Inline-Instance-para-ejemplo6"
  },
  {
    "reference" : "#Inline-Instance-para-ejemplo7"
  }],
  "groupIdentifier" : {
    "value" : "bcg7g47e8geabbd2590z"
  },
  "status" : "active",
  "intent" : "order",
  "subject" : {
    "reference" : "Patient/Paciente1",
    "display" : "María Carmen de los Angeles Del río"
  },
  "authoredOn" : "2022-08-19T19:05:55.961Z"
}