{
  "resourceType" : "RequestGroup",
  "id" : "Ejemplo4-Receta",
  "meta" : {
    "profile" : ["https://rme.hl7chile.cl/StructureDefinition/RecetaCl"]
  },
  "text" : {
    "status" : "generated",
    "div" : "<div xmlns=\"http://www.w3.org/1999/xhtml\"><p><b>Generated Narrative: RequestGroup</b><a name=\"Ejemplo4-Receta\"> </a></p><div style=\"display: inline-block; background-color: #d9e0e7; padding: 6px; margin: 4px; border: 1px solid #8da1b4; border-radius: 5px; line-height: 60%\"><p style=\"margin-bottom: 0px\">Resource RequestGroup &quot;Ejemplo4-Receta&quot; </p><p style=\"margin-bottom: 0px\">Profile: <a href=\"StructureDefinition-RecetaCl.html\">CL Receta</a></p></div><p><b>basedOn</b>: <a name=\"Inline-Instance-para-ejemplo4\"> </a></p><blockquote><p/><p><a name=\"Inline-Instance-para-ejemplo4\"> </a></p><p><b>status</b>: active</p><p><b>intent</b>: order</p><p><b>category</b>: Discharge <span style=\"background: LightGoldenRodYellow; margin: 4px; border: 1px solid khaki\"> (<a href=\"http://terminology.hl7.org/5.0.0/CodeSystem-medicationrequest-category.html\">MedicationRequest Category Codes</a>#discharge)</span></p><p><b>medication</b>: <a href=\"Medication-1667301000167110.html\">Medication/1667301000167110: clonazepam 0,5 mg comprimido</a></p><p><b>subject</b>: <a href=\"Patient-Paciente1.html\">Patient/Paciente1: María Carmen de los Angeles Del río</a> &quot; DEL RIO&quot;</p><p><b>requester</b>: <a href=\"Practitioner-3309267.html\">Practitioner/3309267: Maria Carmen De los angeles Del rio Gonzalez</a> &quot; DEL RIO GONZALEZ&quot;</p><p><b>groupIdentifier</b>: id: 61g5ge0c02769206396c</p><p><b>courseOfTherapyType</b>: Terapia a corto plazo (aguda) <span style=\"background: LightGoldenRodYellow; margin: 4px; border: 1px solid khaki\"> (<a href=\"CodeSystem-CSCodificacionPatron.html\">Patrón de la Prescripción</a>#acute)</span></p><blockquote><p><b>dosageInstruction</b></p><p><b>sequence</b>: 1</p><p><b>text</b>: Administrar 1 Comprimido cada 12 horas por 30 días</p><p><b>timing</b>: Do Once per 12 hours</p><p><b>route</b>: vía Oral route (calificador) <span style=\"background: LightGoldenRodYellow; margin: 4px; border: 1px solid khaki\"> (<a href=\"CodeSystem-CSViasAdmin.html\">Vías de Administración</a>#26643006)</span></p><p><b>method</b>: Tragar (método de administración) <span style=\"background: LightGoldenRodYellow; margin: 4px; border: 1px solid khaki\"> (<a href=\"CodeSystem-CSMetodos.html\">Métodos de Administración</a>#738995006)</span></p></blockquote><h3>DispenseRequests</h3><table class=\"grid\"><tr><td>-</td><td><b>ValidityPeriod</b></td><td><b>Quantity</b></td></tr><tr><td>*</td><td>2022-08-19 --&gt; 2022-09-18</td><td>60</td></tr></table></blockquote><p><b>groupIdentifier</b>: id: 61g5ge0c02769206396c</p><p><b>status</b>: active</p><p><b>intent</b>: order</p><p><b>subject</b>: <a href=\"Patient-Paciente1.html\">Patient/Paciente1: María Carmen de los Angeles Del río</a> &quot; DEL RIO&quot;</p><p><b>authoredOn</b>: 2022-08-19 19:26:36+0000</p><hr/><blockquote><p><b>Generated Narrative: MedicationRequest #Inline-Instance-para-ejemplo4</b><a name=\"Inline-Instance-para-ejemplo4\"> </a></p><p><b>status</b>: active</p><p><b>intent</b>: order</p><p><b>category</b>: Discharge <span style=\"background: LightGoldenRodYellow; margin: 4px; border: 1px solid khaki\"> (<a href=\"http://terminology.hl7.org/5.0.0/CodeSystem-medicationrequest-category.html\">MedicationRequest Category Codes</a>#discharge)</span></p><p><b>medication</b>: <a href=\"Medication-1667301000167110.html\">Medication/1667301000167110: clonazepam 0,5 mg comprimido</a></p><p><b>subject</b>: <a href=\"Patient-Paciente1.html\">Patient/Paciente1: María Carmen de los Angeles Del río</a> &quot; DEL RIO&quot;</p><p><b>requester</b>: <a href=\"Practitioner-3309267.html\">Practitioner/3309267: Maria Carmen De los angeles Del rio Gonzalez</a> &quot; DEL RIO GONZALEZ&quot;</p><p><b>groupIdentifier</b>: id: 61g5ge0c02769206396c</p><p><b>courseOfTherapyType</b>: Terapia a corto plazo (aguda) <span style=\"background: LightGoldenRodYellow; margin: 4px; border: 1px solid khaki\"> (<a href=\"CodeSystem-CSCodificacionPatron.html\">Patrón de la Prescripción</a>#acute)</span></p><blockquote><p><b>dosageInstruction</b></p><p><b>sequence</b>: 1</p><p><b>text</b>: Administrar 1 Comprimido cada 12 horas por 30 días</p><p><b>timing</b>: Do Once per 12 hours</p><p><b>route</b>: vía Oral route (calificador) <span style=\"background: LightGoldenRodYellow; margin: 4px; border: 1px solid khaki\"> (<a href=\"CodeSystem-CSViasAdmin.html\">Vías de Administración</a>#26643006)</span></p><p><b>method</b>: Tragar (método de administración) <span style=\"background: LightGoldenRodYellow; margin: 4px; border: 1px solid khaki\"> (<a href=\"CodeSystem-CSMetodos.html\">Métodos de Administración</a>#738995006)</span></p></blockquote><h3>DispenseRequests</h3><table class=\"grid\"><tr><td>-</td><td><b>ValidityPeriod</b></td><td><b>Quantity</b></td></tr><tr><td>*</td><td>2022-08-19 --&gt; 2022-09-18</td><td>60</td></tr></table></blockquote></div>"
  },
  "contained" : [{
    "resourceType" : "MedicationRequest",
    "id" : "Inline-Instance-para-ejemplo4",
    "meta" : {
      "profile" : ["https://rme.hl7chile.cl/StructureDefinition/RecetaPrescripcionCl"]
    },
    "status" : "active",
    "intent" : "order",
    "category" : [{
      "coding" : [{
        "system" : "http://terminology.hl7.org/CodeSystem/medicationrequest-category",
        "code" : "discharge",
        "display" : "Discharge"
      }]
    }],
    "medicationReference" : {
      "reference" : "Medication/1667301000167110",
      "display" : "clonazepam 0,5 mg comprimido"
    },
    "subject" : {
      "reference" : "Patient/Paciente1",
      "display" : "María Carmen de los Angeles Del río"
    },
    "requester" : {
      "reference" : "Practitioner/3309267",
      "display" : "Maria Carmen De los angeles Del rio Gonzalez"
    },
    "groupIdentifier" : {
      "value" : "61g5ge0c02769206396c"
    },
    "courseOfTherapyType" : {
      "coding" : [{
        "system" : "https://rme.hl7chile.cl/CodeSystem/CSCodificacionPatron",
        "code" : "acute",
        "display" : "Terapia a corto plazo (aguda)"
      }]
    },
    "dosageInstruction" : [{
      "sequence" : 1,
      "text" : "Administrar 1 Comprimido cada 12 horas por 30 días",
      "timing" : {
        "repeat" : {
          "boundsDuration" : {
            "value" : 30,
            "system" : "http://unitsofmeasure.org",
            "code" : "d"
          },
          "frequency" : 1,
          "period" : 12,
          "periodUnit" : "h"
        }
      },
      "route" : {
        "coding" : [{
          "system" : "https://rme.hl7chile.cl/CodeSystem/CSViasAdmin",
          "code" : "26643006",
          "display" : "vía Oral route (calificador)"
        }]
      },
      "method" : {
        "coding" : [{
          "system" : "https://rme.hl7chile.cl/CodeSystem/CSMetodos",
          "code" : "738995006",
          "display" : "Tragar (método de administración)"
        }]
      },
      "doseAndRate" : [{
        "doseQuantity" : {
          "value" : 1,
          "unit" : "Comprimido",
          "system" : "https://rme.hl7chile.cl/CodeSystem/CSUnidadAsistencial",
          "code" : "comprimido"
        }
      }]
    }],
    "dispenseRequest" : {
      "validityPeriod" : {
        "start" : "2022-08-19",
        "end" : "2022-09-18"
      },
      "quantity" : {
        "value" : 60
      }
    }
  }],
  "basedOn" : [{
    "reference" : "#Inline-Instance-para-ejemplo4"
  }],
  "groupIdentifier" : {
    "value" : "61g5ge0c02769206396c"
  },
  "status" : "active",
  "intent" : "order",
  "subject" : {
    "reference" : "Patient/Paciente1",
    "display" : "María Carmen de los Angeles Del río"
  },
  "authoredOn" : "2022-08-19T19:26:36.032Z"
}