{
  "resourceType": "RequestGroup",
  "id": "EjemploRecetaCL-2",
  "meta": {
    "profile": [
      "http://minsal.cl/fhir/core/StructureDefinition/RecetaCl"
    ]
  },
  "text": {
    "status": "generated",
    "div": "<div xmlns=\"http://www.w3.org/1999/xhtml\"><p><b>Generated Narrative</b></p><p><b>groupIdentifier</b>: id: 815823ca-28ca-4094-8518-c3ee7c6ebca0</p><p><b>status</b>: active</p><p><b>intent</b>: order</p><p><b>subject</b>: <a href=\"https://api-receta.minsal.cl/v2/Patient/1115090713\">PABLO PIZARRO</a></p><p><b>authoredOn</b>: 22-08-2021 13:31:00</p></div>"
  },
  "contained": [
    {
      "resourceType": "MedicationRequest",
      "id": "MedicamentoPres",
      "meta": {
        "profile": [
          "http://minsal.cl/fhir/core/StructureDefinition/RecetaPrescripcionCl"
        ]
      },
      "status": "active",
      "intent": "order",
      "category": [
        {
          "coding": [
            {
              "code": "inpatient"
            }
          ]
        }
      ],
      "medicationReference": {
        "reference": "https://api-receta.minsal.cl/v2/Medication/1682851000167115",
        "display": "Paracetamol 500 mg comprimido"
      },
      "subject": {
        "reference": "https://api-receta.minsal.cl/v2/Patient/1115090713",
        "display": "PABLO PIZARRO"
      },
      "authoredOn": "2021-08-22T17:31:00Z",
      "requester": {
        "reference": "https://api-receta.minsal.cl/v2/Practitioner/3245690418",
        "display": "Maria Carmen De los angeles Del rio Gonzalez"
      },
      "groupIdentifier": {
        "value": "815823ca-28ca-4094-8518-c3ee7c6ebca0"
      },
      "note": [
        {
          "text": "Administrar durante comidas"
        }
      ],
      "dosageInstruction": [
        {
          "timing": {
            "repeat": {
              "boundsDuration": {
                "value": 1,
                "system": "http://unitsofmeasure.org",
                "code": "d"
              },
              "frequency": 1,
              "period": 1,
              "periodUnit": "d"
            }
          },
          "route": {
            "coding": [
              {
                "system": "http://snomed.info/sct",
                "code": "26643006",
                "display": "Vía Oral"
              }
            ]
          },
          "method": {
            "coding": [
              {
                "system": "http://snomed.info/sct",
                "code": "738995006",
                "display": "Tragar (método de administración)"
              }
            ]
          },
          "doseAndRate": [
            {
              "doseQuantity": {
                "value": 1,
                "unit": "comprimido"
              }
            }
          ]
        }
      ],
      "dispenseRequest": {
        "validityPeriod": {
          "start": "2021-08-22",
          "end": "2021-09-22"
        }
      }
    }
  ],
  "groupIdentifier": {
    "value": "815823ca-28ca-4094-8518-c3ee7c6ebca0"
  },
  "status": "active",
  "intent": "order",
  "subject": {
    "reference": "https://api-receta.minsal.cl/v2/Patient/1115090713",
    "display": "PABLO PIZARRO"
  },
  "authoredOn": "2021-08-22T17:31:00Z"
}