{
  "resourceType" : "RequestGroup",
  "id" : "Ejemplo2-Receta",
  "meta" : {
    "profile" : ["https://rme.hl7chile.cl/StructureDefinition/RecetaCl"]
  },
  "text" : {
    "status" : "generated",
    "div" : "<div xmlns=\"http://www.w3.org/1999/xhtml\"><p><b>Generated Narrative: RequestGroup</b><a name=\"Ejemplo2-Receta\"> </a></p><div style=\"display: inline-block; background-color: #d9e0e7; padding: 6px; margin: 4px; border: 1px solid #8da1b4; border-radius: 5px; line-height: 60%\"><p style=\"margin-bottom: 0px\">Resource RequestGroup &quot;Ejemplo2-Receta&quot; </p><p style=\"margin-bottom: 0px\">Profile: <a href=\"StructureDefinition-RecetaCl.html\">CL Receta</a></p></div><p><b>basedOn</b>: <a name=\"Inline-Instance-para-ejemplo2\"> </a></p><blockquote><p/><p><a name=\"Inline-Instance-para-ejemplo2\"> </a></p><p><b>identifier</b>: Id_Local: e815615ef9ee7afb52be</p><p><b>status</b>: active</p><p><b>intent</b>: order</p><p><b>category</b>: Outpatient <span style=\"background: LightGoldenRodYellow; margin: 4px; border: 1px solid khaki\"> (<a href=\"http://terminology.hl7.org/5.0.0/CodeSystem-medicationrequest-category.html\">MedicationRequest Category Codes</a>#outpatient)</span></p><p><b>medication</b>: <a href=\"Medication-1690341000167110.html\">Medication/1690341000167110: prednisona 20 mg comprimido</a></p><p><b>subject</b>: <a href=\"Patient-Paciente1.html\">Patient/Paciente1: María Carmen de los Angeles Del río</a> &quot; DEL RIO&quot;</p><p><b>requester</b>: <a href=\"Practitioner-3309267.html\">Practitioner/3309267: Maria Carmen De los angeles Del rio Gonzalez</a> &quot; DEL RIO GONZALEZ&quot;</p><p><b>groupIdentifier</b>: id: 47g7a524age7b5a2cf0a</p><p><b>courseOfTherapyType</b>: Por temporada <span style=\"background: LightGoldenRodYellow; margin: 4px; border: 1px solid khaki\"> (<a href=\"CodeSystem-CSCodificacionPatron.html\">Patrón de la Prescripción</a>#seasonal)</span></p><blockquote><p><b>dosageInstruction</b></p><p><b>sequence</b>: 1</p><p><b>text</b>: Administrar 1 Comprimido cada 4 horas por 24 horas</p><p><b>timing</b>: Do Once per 4 hours</p><p><b>route</b>: vía Oral route (calificador) <span style=\"background: LightGoldenRodYellow; margin: 4px; border: 1px solid khaki\"> (<a href=\"CodeSystem-CSViasAdmin.html\">Vías de Administración</a>#26643006)</span></p><p><b>method</b>: Tragar (método de administración) <span style=\"background: LightGoldenRodYellow; margin: 4px; border: 1px solid khaki\"> (<a href=\"CodeSystem-CSMetodos.html\">Métodos de Administración</a>#738995006)</span></p></blockquote><h3>DispenseRequests</h3><table class=\"grid\"><tr><td>-</td><td><b>ValidityPeriod</b></td><td><b>Performer</b></td></tr><tr><td>*</td><td>2022-08-19 --&gt; 2022-08-20</td><td><a href=\"Organization-8qj5s1ostjswt3r95vnv.html\">Organization/8qj5s1ostjswt3r95vnv: Centro de Salud Familiar Juan Pablo II (La Serena)</a> &quot;Centro de Salud Familiar Juan Pablo II (La Serena)&quot;</td></tr></table></blockquote><p><b>groupIdentifier</b>: id: 47g7a524age7b5a2cf0a</p><p><b>status</b>: active</p><p><b>intent</b>: order</p><p><b>subject</b>: <a href=\"Patient-Paciente1.html\">Patient/Paciente1: María Carmen de los Angeles Del río</a> &quot; DEL RIO&quot;</p><p><b>authoredOn</b>: 2022-08-19 19:34:33+0000</p><hr/><blockquote><p><b>Generated Narrative: MedicationRequest #Inline-Instance-para-ejemplo2</b><a name=\"Inline-Instance-para-ejemplo2\"> </a></p><p><b>identifier</b>: Id_Local: e815615ef9ee7afb52be</p><p><b>status</b>: active</p><p><b>intent</b>: order</p><p><b>category</b>: Outpatient <span style=\"background: LightGoldenRodYellow; margin: 4px; border: 1px solid khaki\"> (<a href=\"http://terminology.hl7.org/5.0.0/CodeSystem-medicationrequest-category.html\">MedicationRequest Category Codes</a>#outpatient)</span></p><p><b>medication</b>: <a href=\"Medication-1690341000167110.html\">Medication/1690341000167110: prednisona 20 mg comprimido</a></p><p><b>subject</b>: <a href=\"Patient-Paciente1.html\">Patient/Paciente1: María Carmen de los Angeles Del río</a> &quot; DEL RIO&quot;</p><p><b>requester</b>: <a href=\"Practitioner-3309267.html\">Practitioner/3309267: Maria Carmen De los angeles Del rio Gonzalez</a> &quot; DEL RIO GONZALEZ&quot;</p><p><b>groupIdentifier</b>: id: 47g7a524age7b5a2cf0a</p><p><b>courseOfTherapyType</b>: Por temporada <span style=\"background: LightGoldenRodYellow; margin: 4px; border: 1px solid khaki\"> (<a href=\"CodeSystem-CSCodificacionPatron.html\">Patrón de la Prescripción</a>#seasonal)</span></p><blockquote><p><b>dosageInstruction</b></p><p><b>sequence</b>: 1</p><p><b>text</b>: Administrar 1 Comprimido cada 4 horas por 24 horas</p><p><b>timing</b>: Do Once per 4 hours</p><p><b>route</b>: vía Oral route (calificador) <span style=\"background: LightGoldenRodYellow; margin: 4px; border: 1px solid khaki\"> (<a href=\"CodeSystem-CSViasAdmin.html\">Vías de Administración</a>#26643006)</span></p><p><b>method</b>: Tragar (método de administración) <span style=\"background: LightGoldenRodYellow; margin: 4px; border: 1px solid khaki\"> (<a href=\"CodeSystem-CSMetodos.html\">Métodos de Administración</a>#738995006)</span></p></blockquote><h3>DispenseRequests</h3><table class=\"grid\"><tr><td>-</td><td><b>ValidityPeriod</b></td><td><b>Performer</b></td></tr><tr><td>*</td><td>2022-08-19 --&gt; 2022-08-20</td><td><a href=\"Organization-8qj5s1ostjswt3r95vnv.html\">Organization/8qj5s1ostjswt3r95vnv: Centro de Salud Familiar Juan Pablo II (La Serena)</a> &quot;Centro de Salud Familiar Juan Pablo II (La Serena)&quot;</td></tr></table></blockquote></div>"
  },
  "contained" : [{
    "resourceType" : "MedicationRequest",
    "id" : "Inline-Instance-para-ejemplo2",
    "meta" : {
      "profile" : ["https://rme.hl7chile.cl/StructureDefinition/RecetaPrescripcionCl"]
    },
    "identifier" : [{
      "type" : {
        "coding" : [{
          "system" : "https://rme.hl7chile.cl/CodeSystem/CSTipoPrescripcion",
          "code" : "Id_Local",
          "display" : "Id_Local"
        }]
      },
      "system" : "https://innovaquidad.cl/integracion_minsal/idRecetaElectronica",
      "value" : "e815615ef9ee7afb52be",
      "assigner" : {
        "identifier" : {
          "system" : "https://api-receta.minsal.cl/v2Organization/8qj5s1ostjswt3r95vnv"
        },
        "display" : "Centro de Salud Familiar Juan Pablo II (La Serena)"
      }
    }],
    "status" : "active",
    "intent" : "order",
    "category" : [{
      "coding" : [{
        "system" : "http://terminology.hl7.org/CodeSystem/medicationrequest-category",
        "code" : "outpatient",
        "display" : "Outpatient"
      }]
    }],
    "medicationReference" : {
      "reference" : "Medication/1690341000167110",
      "display" : "prednisona 20 mg comprimido"
    },
    "subject" : {
      "reference" : "Patient/Paciente1",
      "display" : "María Carmen de los Angeles Del río"
    },
    "requester" : {
      "reference" : "Practitioner/3309267",
      "display" : "Maria Carmen De los angeles Del rio Gonzalez"
    },
    "groupIdentifier" : {
      "value" : "47g7a524age7b5a2cf0a"
    },
    "courseOfTherapyType" : {
      "coding" : [{
        "system" : "https://rme.hl7chile.cl/CodeSystem/CSCodificacionPatron",
        "code" : "seasonal",
        "display" : "Por temporada"
      }]
    },
    "dosageInstruction" : [{
      "sequence" : 1,
      "text" : "Administrar 1 Comprimido cada 4 horas por 24 horas",
      "timing" : {
        "repeat" : {
          "boundsDuration" : {
            "value" : 24,
            "system" : "http://unitsofmeasure.org",
            "code" : "h"
          },
          "frequency" : 1,
          "period" : 4,
          "periodUnit" : "h"
        }
      },
      "route" : {
        "coding" : [{
          "system" : "https://rme.hl7chile.cl/CodeSystem/CSViasAdmin",
          "code" : "26643006",
          "display" : "vía Oral route (calificador)"
        }]
      },
      "method" : {
        "coding" : [{
          "system" : "https://rme.hl7chile.cl/CodeSystem/CSMetodos",
          "code" : "738995006",
          "display" : "Tragar (método de administración)"
        }]
      },
      "doseAndRate" : [{
        "doseQuantity" : {
          "value" : 1,
          "unit" : "Comprimido",
          "system" : "https://rme.hl7chile.cl/CodeSystem/CSUnidadAsistencial",
          "code" : "comprimido"
        }
      }]
    }],
    "dispenseRequest" : {
      "validityPeriod" : {
        "start" : "2022-08-19",
        "end" : "2022-08-20"
      },
      "performer" : {
        "reference" : "Organization/8qj5s1ostjswt3r95vnv",
        "display" : "Centro de Salud Familiar Juan Pablo II (La Serena)"
      }
    }
  }],
  "basedOn" : [{
    "reference" : "#Inline-Instance-para-ejemplo2"
  }],
  "groupIdentifier" : {
    "value" : "47g7a524age7b5a2cf0a"
  },
  "status" : "active",
  "intent" : "order",
  "subject" : {
    "reference" : "Patient/Paciente1",
    "display" : "María Carmen de los Angeles Del río"
  },
  "authoredOn" : "2022-08-19T19:34:33.128Z"
}