{
  "resourceType" : "ValueSet",
  "id" : "VSFuncionProfesionalDispensacion",
  "text" : {
    "status" : "generated",
    "div" : "<div xmlns=\"http://www.w3.org/1999/xhtml\"><ul><li>Include all codes defined in <a href=\"CodeSystem-CSFuncionProfesionalDispensacion.html\"><code>https://interoperabilidad.minsal.cl/fhir/ig/snre/CodeSystem/CSFuncionProfesionalDispensacion</code></a></li></ul></div>"
  },
  "url" : "https://interoperabilidad.minsal.cl/fhir/ig/snre/ValueSet/VSFuncionProfesionalDispensacion",
  "version" : "0.9.8",
  "name" : "VSFuncionProfesionalDispensacion",
  "title" : "Funcion del Personal",
  "status" : "active",
  "experimental" : false,
  "date" : "2022-01-18T00:00:00-03:00",
  "publisher" : "Unidad de Interoperabilidad - MINSAL",
  "contact" : [{
    "name" : "Unidad de Interoperabilidad - MINSAL",
    "telecom" : [{
      "system" : "url",
      "value" : "https://interoperabilidad.minsal.cl"
    }]
  }],
  "description" : "Funcion del Personal. Puede ser Dispensador o Validador",
  "jurisdiction" : [{
    "coding" : [{
      "system" : "urn:iso:std:iso:3166",
      "code" : "CL",
      "display" : "Chile"
    }]
  }],
  "compose" : {
    "include" : [{
      "system" : "https://interoperabilidad.minsal.cl/fhir/ig/snre/CodeSystem/CSFuncionProfesionalDispensacion"
    }]
  }
}